@dwright1906	@
thanks	N

Bommm	!
Dia	!
!	,

@contraddiction	@
did	V
it	O
really	R
snow	V
?	,
You	O
can't	V
blame	V
that	O
on	P
me	O
...	,
I	O
didn't	V
even	R
do	V
anything	N
while	P
I	O
was	V
in	P
Utah	^
.	,

13	$
hour	N
day	N
.	,
Fin	G
.	,

Arrests	N
Seen	V
as	P
Part	N
of	P
a	D
Wider	A
Plot	N
http://t.co/Qcq7TxT	U
via	P
@AddThis	@
#teaparty	#
#tcot	#

Anything	N
You	O
Want	V
-	,
Mary	^
J	^
.	,
Blige	^
ft	V
Busta	^
Rhymes	^
&	&
Gyptian	^
{	,
New	A
Single	N
!!	,
}	,
:	,
http://ping.fm/rFR1b	U
(	,
PLS	V
RT	V
!!	,
)	,
[	,
OYE	!
!!	,
]	,
@maryjblige	@
@bussabuss	@

RT	~
@CatholicNewsSvc	@
:	~
RT	~
@catholic_sf	@
:	~
Lawyer	N
:	,
Supreme	^
Court	^
should	V
hear	V
SF	^
Catholics’	Z
religious	A
freedom	N
case	N
http://bit.ly/bDqaqR	U
#CNS	#
...	~

@angiemonsterboo	@
you	O
don't	V
question	V
that	O
.	,
ever	R
.	,

ROCKY	^
HORROR	^
#GLEE	^
!!!	,

I'm	L
at	P
Barnes	^
&	&
Noble	^
(	,
6501	$
N	^
.	,
Grape	^
Road	^
,	,
Suite	^
1200	$
,	,
Mishawaka)	^
.	,
http://4sq.com/4O7ScT	U

RT	~
@torontoescorts	@
New	A
#sexy	A
comment	V
about	P
:	,
Rape	N
Fantasy	N
http://tinyurl.com/296pwsv	U

Nike	^
,	,
horrible	A
ad	N
!	,
Very	R
smug	A
.	,

RT	~
@ganjaboy74	@
:	~
RT	~
@RedBikini4u	@
:	~
#Shoutout	#
#Follow	#
>>>	G
@CremedelamerES	@
@Janessabombtitz	@
@PaigeRyanHouses	@
@SoulPudding	@
(	,
cont	~
)	,
ht	U
...	~

Photo	N
:	,
http://tumblr.com/xwjnd6nzd	U

RT	~
@JAEMILLZ100	@
:	~
@DreOnSum10	@
who	O
u	O
like	V
den	R
G	^

RT	~
@SeaShepherd	@
:	~
Massacre	N
at	P
the	D
Cove	^
-	,
http://bit.ly/9kU2LT	U
#seashepherd	#
#thecove	#

i	O
think	V
its	L
wrong	A
people	N
judge	V
others	N
by	P
there	D
religion	N
...	,
it	O
gets	V
on	P
my	D
nerves	N
..	,

Let's	L
play	V
Words	N
With	P
Friends	N
.	,
My	D
username	N
is	V
'	,
Spreyn0	^
'.	,
http://bit.ly/2qbpQ	U

RT	~
@ShawolsSHINee	@
:	~
Minho	^
is	V
so	R
omg	!
<3	E
http://twitpic.com/318jei	U

Spending	V
the	D
day	N
withhh	P
mommma	N
!	,

#np	#
Min	^
Kyung	^
Hoon	^
-	,
IT	O
HURTS	V
BECAUSE	P
IT'S	L
LOVE	N
(	E
Y	E
)	E

@Gunservatively	@
obozo	^
will	V
go	V
nuts	A
when	R
PA	^
elects	V
a	D
Republican	A
Governor	N
next	P
Tue	^
.	,
Can	V
you	O
say	V
redistricting	V
?	,

RT	~
@MarthaStewart	@
:	~
I	O
was	V
allowed	V
to	P
touch	V
a	D
live	A
pair	N
of	P
pig's	S
lungs	N
which	D
are	V
kept	V
for	P
a	D
day	N
at	P
room	N
temp-new	G
tech	N
http://yfrog.com/8dvz0j	U

Hi	!
there	R
!	,
Do	V
you	O
have	V
time	N
challenges	N
?	,
Most	A
of	P
us	O
do	V
...	,
so	P
let	V
me	O
know	V
-	,
I'd	L
love	V
to	P
help	V
!	,
DM	V
me	O
or	&
send	V
an	D
@	N
reply	N
&	&
let's	L
get	V
started	V
!	,

UN	^
Votes	V
Against	P
U.S.	^
Embargo	N
on	P
Cuba	^
for	P
19th	A
Year	N
http://r.einnews.com/kdTqUB	U

Everytime	R
i	O
send	V
a	D
text	N
message	N
i	O
said	V
''	,
leggo	V
''	,

@TakeMeDownCHRIS	@
LMFAO	!
!!!	,
u	O
a	D
foo	N
i	O
swear	V

@iGetReTaRdCheKz	@
I	O
vote	V
girl	N
!	,

@LaBraziliana	@
LMAOOO	!
TYPO	N

Smh	G
RT	~
@ENewsNow	@
VIDEO	N
:	~
Kat	^
Von	^
D	^
Engaged	V
to	P
Jesse	^
James	^
?	,
http://eonli.ne/b0b1Fe	U

@BennsWorld	@
awwwwwwwwwwwwwwwwwwwww	!
	G

@ShellannaJ	@
oo	!
iight	!
so	P
basically	R
its	L
worth	A
it	T
?	,
fuck	V
it	O
!	,
how	R
long	A
did	V
it	O
last	A

@fuelevandown	@
but	&
why	R
can't	V
I	O
be	V
one	$
I	O
want	V
?	,
Lol	!
instead	R
its	L
a	D
crap	N
load	N
of	P
douches	N

@_SoDamnGood_	@
why	!
thank	V
you	O
..	,
:D	E
you	O
bastard	N
.	,

@patronuska	@
it	O
was	V
nothing	N
new	A
.	,
It	O
was	V
funny	A
reading	V
about	P
the	D
guy	N
who	O
took	V
the	D
pic	N
though	P
lol	!
.	,
I	O
wonder	V
if	P
the	D
pic	N
made	V
it	O
online	A
.	,

Fmlllll	!

Sucks	V
for	P
miley	^
!!!	,
Her	D
parents	N
filed	V
a	D
divorce	N

Lamar	^
Gonna	V
get	V
some	O
tonite	N
huh	!
.	,
he	O
got	V
a	D
ring	N
,	,
and	&
the	D
win	N
.	,
So	P
he	O
might	V
as	R
well	R
!!	,

Hey	!
there	!
pretty	A
version	N
of	P
me	O
.	,
.	,
.:	,
http://yearbook.com/a/pe81j	U

It's	L
good	A
to	P
be	V
responsible	A
but	&
I	O
hate	V
that	P
I'm	L
TOOO	R
responsible	A
.	,
I'm	L
on	P
math	N
tutorings	N
and	&
I	O
don't	V
even	R
have	V
a	D
matt	N
test	N
tomorrow	N

Never	R
realized	V
how	R
very	R
attractive	A
@jameyjasta	@
is	V
.	,
Probably	R
helped	V
that	P
he	O
finally	R
got	V
rid	A
of	P
all	X
that	D
facial	A
hair	N
;p	E

RT	~
@unjazmynlike	@
:	~
i	O
spend	V
more	A
time	N
at	P
this	D
table	N
than	P
in	P
my	D
own	A
apartment	N
.	,

@olfa_xoxo	@
Hi	!
hi	!
!!!	,
I'm	L
good	A
...	,
what	O
about	P
u	O
?	,

ya	!
vengoo	^
!	,
:D	E

@iRetroBaby	@
http://studiolinked.com/fuzzyslippers	U

@ddemby5	@
yea	!
they	O
cancel	V
out	T
and	&
durant	^
fuck	V
around	T
and	&
have	V
40	$
,	,
they	O
have	V
no	D
answer	N
for	P
him	O
nobody	N
does	V
...	,

@tanyakeith	@
Few	A
weeks	N
ago	P
someone	N
told	V
me	O
that	P
La	^
Tapatia	^
has	V
'	,
em	O
but	&
I	O
don't	V
know	V
that	O
firsthand	R
.	,
http://ow.ly/302YZ	U

@Anthony1626	@
lol	!
my	D
titties	N
was	V
all	R
out	A
!!	,

@jenga5	@
@jadorejenell	@
I'm	L
pretty	R
sure	A
the	D
weather	N
is	V
like	P
this	O
b/c	P
God	^
loves	V
me	O
and	&
I	O
asked	V
for	P
warmth	N
my	D
b-day	N
month	N
.	,
Gracias	!

Damn	!
this	D
shit	N
gets	V
old	A
.	,

@Raypman	@
YO	!
WHERE	O
THE	D
HEAT	^
AT	P
?	,
I	O
SEE	V
ICE	A
COLD	A
SHOOTING	N

Shout	V
Out	P
to	P
Everybody	N
falling	V
asleep	A
tryna	V
send	V
Freaky	A
Text	N
Messages	N
back	R
N	&
forth	R
.	,

@MarrDrew	@
Respect	V
to	P
be	V
respected	V
.	,
You	O
receive	V
only	R
as	R
much	A
as	P
u	O
give	V
.	,
Change	V
your	D
ways	N
&	&
theyll	L
change	V
their	D
views	N
.	,
#gospelaccordingtolaila	#

"	,
Pick	V
up	T
the	D
phone	N
young	A
man	N
stop	V
textin	V
'"	,

#Celtics	^
looking	V
pretty	R
beasty	A
this	D
yr	N
I'm	L
predicting	V
a	D
championship	N
run	N
.	,
Ps	G
my	D
nigga	N
@KingJames	@
still	R
tha	D
man	N
.	,

RT	~
@grasmeyer	@
:	~
"	,
Because	P
our	D
software	N
is	V
worth	A
the	D
price	N
I	O
charge	V
."	,
Great	A
perspective	N
on	P
the	D
Mac	^
App	N
Store	N
by	P
@kevinhoctor	@
http://bit.ly/	U
...	~

RT	~
@Reacey23	@
:	~
I	O
see	V
u	O
Bron	^
...	,
31	$
right	R
quick	A

I	O
don't	V
know	V
why	R
but	&
I	O
feel	V
crummy	A
.	,
Trying	V
to	P
lift	V
spirits	N
with	P
moonlit	A
walk	N
.	,

RT	~
@MrWiredUpOhBoy	@
:	~
@dj_hollygrove	@
dang	!
...	,
@trpmusicgroup	@
riding	V
with	P
you	O
...	,
Headed	V
to	P
the	D
Kappa	^
with	P
4	$
Swangas	N
and	&
Adaptors	N
....	,
lol	!

RT	~
@jonathanhsinger	@
:	~
Did	V
Barack	^
Obama	^
signal	V
that	P
he	O
will	V
change	V
his	D
stance	N
on	P
marriage	N
equality	N
?	,
http://j.mp/bgSJZh	U
(	,
via	P
@adammc123	@
)	,

Its	L
hard	A
for	P
me	O
when	R
I	O
have	V
too	P
ask	V
,	,
is	V
it	O
really	R
that	R
dull	A
!?	,

#NBA	#
:)	E

As	R
bad	A
as	P
the	D
heat	^
played	V
!	,
&	&
as	R
well	R
as	P
the	D
celtics	^
played	V
...	,
Look	V
at	P
the	D
score	N
!	,
Scary	A
huh	!
?	,

@NoraDiva1	@
he's	L
in	P
heaven	^
!	,

RT	~
@joejonas	@
:	~
#prayforindonesia	#
so	R
sad	A

Years	N
of	P
pounding	V
...	,
RT	~
@iPEPPAH	@
@iMekele	@
you'll	L
be	V
ok	A
.	,
I	O
didn't	V
feel	V
a	D
thing	N

LOL	!
!	,
RT	~
@DOMiNiQUESSENCE	@
i	O
NEVER	R
pay	V
for	P
weed	N
#whodoesthat	#

1895	$
O	^
VF20	^
ANACS	^
SILVER	A
Morgan	^
Dollar	N
NEW	^
ORLEANS	^
COIN	N
:	,
US	^
$	G
465.00	$
(	,
0	$
Bid	N
)	,
End	N
Date	N
:	,
Tuesday…	^
http://bit.ly/kKth4	U

Gumdrop	N
Gingerbread	N
Man	N
Glitter	N
Gift	N
Tags	N
-	,
Set	N
of	P
12	$
:	,
$	G
4.25	$
Run	V
,	,
run	V
just	R
as	R
fast	A
as	P
you	O
can	V
!	,
You	O
can't	V
catch	V
me	O
,	,
...	~
http://bit.ly/aoU1zg	U

Hi	!
Ajit	^
,	,
Following	N
is	V
sample	N
code	N
t	P
o	P
achive	V
the	D
same	A
.	,
Put	V
all	D
your	D
jquery	^
code	N
in	P
a	D
seprate	A
javascript	^
file	N
...	~
http://bit.ly/97OWFn	U
#Answers	#

Odd	A
weather	N
today	N
.	,
One	$
minutes	N
it's	L
raining	V
another	D
I've	L
got	V
the	D
sun	N
in	P
my	D
eyes	N
.	,

Put	V
me	O
n	R
e	R
where	R
on	P
gods	Z
green	A
earth	N
...	,
I'll	L
triple	V
my	D
worth	N

business	N
-	,
Twitter	^
Search	N
:	,
 Senior	A
Technical	N
Business	N
Analyst	N
(	,
10093	$
)	,
Titusville	^
,	,
NJ	^
http://openings.cmi.com/opening	U
...	~
http://ow.ly/19EMz3	U

facetime	^
on	P
mac	^
...	,
yay	!

cnt	V
wait	V
to	P
sleep	V

@Kandi_CoatdKRI	@
yu	O
really	R
was	V

pkollar	^
:	,
@grumbine	@
Really	R
?	,
How	R
soon	R
?	,
I	O
didn't	V
realize	V
!	,
[	,
Phil	^
Kollar	^
@grumbine	@
Really	R
?	,
How	R
soon	R
?	,
I	O
didn't	V
realize	V
!	,
]	,
http://bit.ly/9g4zlQ	U

|	,
<3	V
Him|	O
Lol	!
He	O
Puts	V
A	D
Smile	N
On	P
Muh	D
Face	N
Er	D
Day	N
!!	,
*	,
=]	E
Ihs	L
Amazing	A
How	R
Sum	D
Ppl	N
Juhz	R
Have	V
Dhat	D
Effect	N
On	P
Yhur	D
Life	N
..	,

Have	V
I	O
really	R
given	V
Jesus	^
control	N
over	P
my	D
life	N
decisions	N
or	&
do	V
I	O
only	R
consult	V
Him	O
on	P
the	D
things	N
I	O
know	V
He	O
agrees	V
with	P
me	O
on	P
?	,

@HuggableJuly	@
*	,
happy	A
tears	N
*	,
you're	L
one	$
incredible	A
son	N
I	O
hope	V
you	O
know	V

And	&
tall	A

HATER	N
ALERT	N
HATER	N
ALERT	N
------>	G
@abddigani	@
get	V
off	T
the	D
lakers	Z
tip	N
#plznthanku	#
(^_^)	E

@tamir103	@
I	O
don't	V
think	V
to	P
sign	V
up	T
.	,
How	R
crowded	A
does	V
Wed	^
spin	N
get	V
?	,

@Luv_KayBee	@
happy	A
birthday	N
miss	N

@naddycat	@
Ahh	!
,	,
that's	L
right	A
.	,
.	,
.	,
You're	L
not	R
a	D
fan	N
of	P
the	D
soft	A
sciences	N
.	,
You	O
got	V
this	O
.	,
Don't	V
stress	V
.	,
Get	V
some	D
sleep	N
and	&
eat	V
before	P
your	D
exam	N
.	,

Obama	^
Drops	V
'	,
Creator	N
'	,
From	P
Declaration	N
Again	R
http://t.co/wHyEWm1	U
via	P
@AddThis	@
#antichristian	#
#endtimes	#
#fb	#

@J_Cofield_TIC	@
nobody	N
lol	!
:	E
0	E
)	E

Getting	V
ready	A
for	P
Saturday	^
night	N
,	,
have	V
to	P
start	V
getting	V
into	P
character	N
now	R
!	,
http://www.wikihow.com/Be-a-Flapper-Girl	U

@ShowOut_Havy	@
:	~
“	,
@ShowOut_Malc	@
:	,
Southside	^
they	O
outside	R
.	,
On	P
they	D
knees	N
with	P
they	D
mouth	N
wide”	A
(	,
/	,
gzz	G
must	V
be	V
drunk	A
for	P
sayin	V
dat	D
shyt	N
realrap	G

Beat	V
Fable	^
3	$
with	P
flying	V
colors	N
.	,
Now	R
to	P
be	V
a	D
bit	A
more	R
extreme	A

@NICKIMINAJ	@
FOlloW	V
Me	O
Nicki	^
!!!!!!	,

im	L
hott	A
as	P
hell	N
...	,
wooo	!

@jenjen_tx	@
lol	!
good	A
!	,
nothing	N
wrong	A
with	P
that	O
:)	E

Columbus	^
'	G
airport	N
has	V
gatekeeper-free	A
wifi	N
&	&
tons	N
of	P
electric	N
outlets	N
.	,
Cincinnati's	Z
charges	V
for	P
both	O
.	,
Surprised	V
they	O
don't	V
have	V
pay	N
toilets	N
.	,

Its	L
either	&
your	L
on	P
my	D
team	N
or	&
your	L
not	R
!	,

@Mr_DaiN	@
who's	L
the	D
game	N
??	,

#uzeeeit	#
RT	~
@EarllyMac	@
Why	R
would	V
i	O
want	V
to	P
put	V
a	D
location	N
on	P
my	D
tweets	N
?	,

(	,
SAN	^
FRANCISCO	^
)	,
Departure	N
of	P
PERALTA	^
at	P
17:27	$

RT	~
@ChelseaxMaraj	@
:	~
When	R
I	O
die	V
hope	V
I	O
live	V
in	P
the	D
sky	N
.	,

@woogis	@
Move	V
down	R
here	R
.	,
It's	L
doing	V
absolutely	R
nothing	N
.	,
We	O
barely	R
got	V
rain	N
.	,

@MarciandreA	@
gud	A
loc	N
!	,

RT	~
@BadASSQuin	@
This	D
fantasia	^
bowl	N
hair	N
cut	N
that	P
supposed	A
to	P
be	V
in	P
style	N
KILL	V
IT	O
!!	,
#fail	#
<<	~
PLZ	V
!!	,
lol	!

i'm	L
so	R
hungry	A

My	D
twitter	^
is	V
messed	V
up	T
!	,

#LB	#
#news	#
:	,
Silverado	^
Park	^
Pool	N
Swim	N
Lessons	N
http://bit.ly/bePWkJ	U

@WHOATLJONES	@
Soon	R
!	,
We	O
talk	V
about	P
this	O
every	D
other	A
day	N
!	,

@SilverFear	@
Have	V
you	O
tried	V
installing	V
it	O
on	P
your	D
hard	N
drive	N
yet	R
?	,
^DJ	G

YOOOO	!
IF	P
YOU	O
A	D
KOBE	^
FAN	N
TWEET	V
ME	O
,	,
WHAT'S	L
#LAKERIN	V

@CapreeK	@
Actually	R
has	V
little	A
to	P
do	V
with	P
time	N
.	,
Most	A
are	V
happy	A
floating	V
orders	N
needing	V
to	P
be	V
done	V
that	D
day	N
and	&
spread	V
out	T
so	P
I	O
can	V
see	V
.	,
:)	E

"	,
Hotel	^
Rwanda	^
"	,
hero	N
implicated	V
with	P
Ingabire	^
-	,
prosecutor	N
:	,
Actress	N
Angelina	^
Jolie	^
poses	V
with	P
Paul	^
Rusesabagina	^
(	,
R)	A
...	~
http://bit.ly/cL4WwH	U

damn	!
i	O
gotta	V
eat	V
somethin	N
.....	,
all	D
I	O
had	V
to	P
eat	V
is	V
SNICKERS	^
and	&
a	D
Lemonade	N
#smh	G
damn	!
ya	!
boi	N
on	P
that	D
#undergradBUDGET	N

Wow	!
!!!!!!!	,
Mathew	^
Morrison	^
shirtless	A
was	V
HOT	A
!	,

o____O	E

Yo	!
,	,
it's	L
Thursday	^
,	,
28th	$
October	^
.	,
Morning	N
,	,
my	D
country	N
!	,
Morning	N
,	,
Life	N
!	,
Morning	N
,	,
great	A
peopLe	N
!	,
:D	E

Being	V
told	V
you	O
interview	V
well	R
is	V
one	$
of	P
the	D
best	A
compliments	N
.	,

Vintage	A
Venesha	^
80%	$
Angora	A
Sweater	N
,	,
Sage	R
Green	A
,	,
Size	N
Small	A
http://tinyurl.com/262adme	U
at	P
Bonanza	^
.	,

Yooo	!
wtf	!
u	O
been	V
at	P
!!	,
Txt	V
me	O
!!	,
RT	~
@ULuvBrittLin	@
:	~
It's	L
show	N
off	N
Tuesday	^
cuz	P
no	D
work	N
Wednesday	^
for	P
me	O
...	,
Hehehehehe	!
;-)	E

I'm	L
no	D
meteorologist	N
,	,
but	&
I'm	L
pretty	R
sure	A
its	L
raining	V
bitches	N
!	,

Gettin	V
it	O
in	T

Everytime	R
i	O
watch	V
da	D
Celtics	^
game	N
or	&
da	D
Lakers	^
game	N
,	,
it	O
reminds	V
me	O
back	R
at	P
da	D
Hoover	^
games	N
.	,
EVERYBODY	N
,	,
wud	V
Cheer	V
for	P
da	D
Cardinals	^
!	,
:D	E

@RaqVillaYFT	@
Raq	^
Stacks	^
lol	!
.	,

RT	~
@yelyahwilliams	@
:	~
Still	R
bumpin	V
'	,
@taylorswift13	@
#SpeakNow	^
in	P
my	D
car	N
!	,
Probably	R
won't	V
be	V
changing	V
records	N
anytime	R
soon	R
.	,

Shannon	^
better	R
start	V
claiming	V
chris	^
as	P
his	D
lil	A
bro	N

He	O
Neva	R
Tells	V
NO	!
....	,
i	O
HiT	V
it	O
&	&
theN	R
i	O
GO	V

Arabian's	Z
timey	N
.	,
Whfft	!
I	O
wish	V
I	O
born	V
to	P
be	V
an	D
arabian	^
.	,
Like	P
@fardeyl	@
LOLOLOLOL	!
:	E
3	E

It	O
Gets	V
Better	R
...	,
Chief	^
Chick	^
Chatter	^
http://t.co/tl2HeqU	U

everyones	L
talking	V
bout	P
the	D
celtics	^
&	&
I'm	L
sitting	V
here	R
lost	A
.	,
luckily	R
I	O
don't	V
care	V
much	A
for	P
basketball	N
.	,

Goodmorning	!
@Princessnish	@
@Clotta22	@
@T2Tay75	@
@Tab_28	@
@Princezzcutz	@
@BeautyIsE	@
@MissCoxNorris	@
@SummerzGRT	@
@AtsLady	@
@SpaceTruckaR	@

@kriStenALesE09	@
she	O
uglyy	A
aha	!
.	,

every	D
things	N
cange	V
..	,

thx	N
to	P
@ComediaaGoGo	@
check	V
out	T
http://www.youtube.com/watch?v=IKqYXxl_0Rk	U
"	,
Slumber	N
Sleepover	N
Lan	N
Party	N
Massacre	N
"	,
trailer	N

a	D
girl	N
from	P
last	A
night	N
txted	V
me	O
2day	R
wonderin	V
where	R
her	D
keys	N
were	V
.	,
it	O
took	V
me	O
2	$
replies	N
on	P
my	D
part	N
til	P
i	O
realized	V
i	O
didn't	V
want	V
2	P
talk	V
2	P
her	O

It's	L
snowy	A
in	P
SLC	^
,	,
but	&
still	R
warm	A
+	&
sunny	A
down	P
south—The	G
Inn	^
at	P
Entrada	^
offers	V
ceremonies	N
with	P
red	A
rock	N
views	N
:	G
http://bit.ly/9IqEM8	U
#WiW	#
#WW	#

Anyone	N
want	V
to	P
video	N
chat	V
?	,
Join	V
my	D
chatroom	N
with	P
20	$
other	A
people	N
http://tinychat.com/THEJOKers	U

Got	V
an	D
hour	N
sleep	N
.	,
Tired	V
as	P
hell	N
.	,
Stuck	V
in	P
the	D
only	A
McDs	^
drive	N
thru	N
for	P
30	$
miles	N
...	,
fml	!
.	,

Surely	R
our	D
Messiah	^
will	V
make	V
all	D
things	N
new	A
!	,

@SmashHansen	@
I	O
don't	V
dislike	V
Frank's	Z
Superman	^
.	,
I'm	L
just	R
tired	A
of	P
it	O
.	,

RT	~
@DamnItsTrue	@
:	~
Sometimes	R
the	D
person	N
I	O
want	V
most	R
is	V
the	D
person	N
I'm	L
better	A
off	R
without	P
.	,
#DamnItsTrue	#

Brb	!
.	,
Gotta	V
takke	V
some	D
more	A
things	N
off	P
mii	D
phone	N
...	,

@Yo2PrettySWEET	@
lol	!
i	O
guesssss	V

You're	L
inconsiderate	A
,	,
a	D
bitch	N
,	,
nosy	A
,	,
and	&
I	O
don't	V
have	V
time	N
for	P
you	O
.	,

@docevans23	@
lmao	!
!	,
I	O
couldn't	V
resist	V
!	,
Sorry	V
...	,
lol	!

RT	~
@MARLONLWAYANS	@
:	~
Somebody	N
tell	V
sasha	^
vulecic	^
to	P
finish	V
his	D
damn	A
rosetta	^
stone	^
english	^
cds	N

RT	~
@KelliMonster	@
:	~
Sear's	Z
Christmas	^
commercial	N
?	,
What	O
?	,
Can	V
we	O
have	V
Halloween	^
and	&
Thanksgiving	^
first	A
please	V
?	,

My	D
mom	N
thinks	V
Ron	^
Artest	^
look	V
like	P
a	D
convict	N
lmao	!
this	D
lady	N

*	,
Silence*	N
...	,
"	,
I	O
love	V
you	O
more	A
than	P
all	X
the	D
fishes	N
in	P
the	D
sea	N
...	,
as	P
there's	L
alot	N
of	P
fish	N
in	P
the	D
sea	N
!"	,
ahaha	!
,	,
I	O
love	V
E	^
.	,
Jay	^
<3	E

RT	~
@ucsantabarbara	@
:	~
Tonight's	S
memorial	N
for	P
Lucas	^
Ransom	^
starts	V
at	P
8:00	$
p.m.	N
and	&
is	V
being	V
held	V
at	P
the	D
open	A
space	N
at	P
the	D
corner	N
of	P
Del	^
Pla	^
...	~

@stetted	@
Can	V
you	O
get	V
one	$
at	P
Starbucks	^
?	,
If	P
so	R
,	,
I'm	L
getting	V
one	$
on	P
my	D
way	N
home	R
!	,

RT	~
@NiiNiiDOE_MANE	@
:	~
Did	V
the	D
Texas	^
Chainsaw	^
Massacre	^
really	R
happen	V
?	,
-	~
lol	!
yes	!
.	,

Justin	^
Bieber’s	Z
'	,
My	D
World	N
'	,
can	V
be	V
Your	D
World	N
Too	R
on	P
Black	^
Friday	^
http://bit.ly/bAaiwf	U

Lil	A
bulimic	A
ass	N

Can	V
Boston	^
&	&
Miami	^
BOTH	D
lose	V
tonight	N
?	,
I'd	L
like	V
that	O
.	,
RT	~
@Togishi	@
:	~
Miami	^
playing	V
zone	N
defense	N
?	,
Lebron	^
can't	V
do	V
something	N
man	N
to	P
man	N
,	,
eh	!
?	,

Photo	N
:	,
love	V
it	O
.	,
http://tumblr.com/xsgnbumjc	U

@iBeen_Had_it	@
KOBE	^
;-)	E

Macdonalds	^
are	V
#cheapasses	N
I	O
ask	V
for	P
a	D
lot	N
of	P
mcChicken	^
sauce	N
and	&
they	O
give	V
me	O
2	$
what	O
if	P
I	O
asked	V
for	P
little	A
ill	L
probably	R
get	V
a	D
1/2	$
of	P
one	$
!!	,

RT	~
@UWSportsNews	@
Men's	S
Soccer	N
Goal	N
Highlight	N
Video	N
:	,
Check	V
out	T
the	D
newest	A
video	N
of	P
some	D
of	P
the	D
m	G
...	~
http://bit.ly/bABShU	U
http://bit.ly/kOY0X	U

KY-Sen	^
:	,
Rand	^
Paul	^
followers	N
try	V
to	P
suppress	V
curbstomping	V
video	N
http://t.co/Ft6P05z	U
[	,
Like	V
it	O
?	,
http://bit.ly/aH0QX3	U
]	,

There	X
are	V
so	R
many	A
douche	N
bags	N
at	P
the	D
Social	^
Distortion	^
show	N
tonight	N
that	P
I	O
feel	V
like	P
I'm	L
living	V
in	P
an	D
Axe	^
body	N
spray	N
commercial	N
.	,
Help	V
me	O
.	,

@PrettyLadyTre_	@
You	O
should	V
.	,

#thingsyouwishyoucansaybutcant	#
...	,
sorry	A
I	O
can't	V
say	V
...	,

i	O
want	V
to	P
go	V
on	P
stage	N
with	P
selena	^
(	,
#SelenaGomez	^
live	A
at	P
http://ustre.am/1c92	U
)	,

Finally	R
!!!	,
The	D
media	N
actually	R
released	V
some	D
VALID	A
information	N
about	P
real	A
estate	N
!	,
http://fb.me/LHVUc80W	U

What	O
makes	V
u	O
not	R
want	V
to	P
tell	V
me	O
the	D
truth	N
?	,
What's	L
the	D
fuckn	A
point	N
.	,
When	R
do	V
u	O
tell	V
the	D
truth	N
...	,
Lies	N
are	V
not	R
for	P
me	O
.	,

So	R
anxious	A
.	,
Can't	V
sleep	V
.	,
Fuck	V
me	O
.	,

@tommcfly	@
Let's	L
say	V
Darth	^
Vader	^
was	V
still	R
alive	A
and	&
all	D
the	D
Ewoks	^
were	V
prisoners	N
(	,
not	R
to	P
mention	V
all	D
McFly	^
fans)	N
...	,
How	R
would	V
you	O
save	V
them	O
??	,

@blakemcgrath	@
Dude	N
your	D
"	,
Relax	^
"	,
video	N
kicked	V
Rihanna's	Z
"	,
Disturbia	^
"	,
right	R
in	P
the	D
teeth	N
.	,

Just	R
tracked	V
down	T
a	D
few	N
of	P
my	D
fav	A
junior	N
high	N
students	N
from	P
1995	$
-	,
*	,
sigh	V
*	,
-	,
they	O
are	V
adults	N
now	R
.	,
so	R
weird	A
.	,
they	O
are	V
beautiful	A
kids	N
,	,
tho	R
.	,

good	A
luck	N
on	P
that	O

@JessicaNorthey	@
I	O
got	V
a	D
perfect	A
message	N
on	P
youtube	^
today	N
from	P
your	D
friend	N
@cjayelerose	@
!	,
It	O
made	V
me	O
go	V
ahhhhhhhhh	!
!	,
Huge	A
Grin	N
;)	E

@supTAY	@
@KrySpiiCakeD	@
lmao	!
that	D
little	A
thang	N
!	,
yea	!
I	O
see	V
it	O
tho	R
.	,
here	R
today	N
gone	V
tommorow	N

@neeeshaboo	@
chrisdmuchris	^

RT	~
@EthiopianBella	@
:	~
iLove	L
it	O
when	R
ppl	N
tell	V
me	O
about	P
myself	O
when	R
i	O
do	V
something	N
wrong	A
or	&
offensive	A
i	O
would	V
like	V
it	O
when	R
ppl	N
tell	V
me	O
somet	G
...	~

I'm	L
at	P
Posados	^
in	P
Lufkin	^
,	,
TX	^
http://gowal.la/c/2LZTG?137	U

Most	A
of	P
these	D
article	N
submission	N
engines	N
have	V
these	D
stupid	A
stock	N
photos	N
for	P
"	,
Author	N
Pics	N
,"	,
but	&
this	D
one	$
is	V
a	D
"	,
AMAZINE	A
"	,
http://bit.ly/dCzh3o	U

Half	N
of	P
small	A
companies	N
expect	V
staff	N
theft	N
:	,
survey	N
http://ow.ly/2ZYns	U

@paulscheer	@
why	R
were	V
you	O
fired	V

@Caitlin_Hate_	@
Back	V
off	T
Caitlin	^
!!	,
~	~
What's	L
your	D
problem	N
?	,
you	O
don't	V
even	R
know	V
her	O
...	,

#thingsyouwishyoucouldsaybutcant	#
*	,
in	P
class	N
*	,
BITCH	N
shut	V
your	D
illiterate	A
ass	N
up	P
..	,
just	R
sit	V
back	R
and	&
learn	V
..	,

Yayyyy	!
Boston	^
!	,

@Mr_Twit_That_Ho	@
Its	L
goin	V
DOWN	R
4	P
Halloween	^
@	P
REIGN	^
LOUNGE	^
!!	,
$1000	$
GIVEAWAY	N
4	P
the	D
best	A
costume	N
!!	,
Sections	N
are	V
goin	V
FAST	R
!!	,
Book	V
urs	O
NOW	R
!!	,
RT	V

@daisystreet	@
Thanks	!
,	,
Skye	^
!	,

RT	~
@docblade	@
:	~
unimpressed	A
with	P
apple	^
hardware	N
quality	N
recently	R
.	,

ok	!
the	D
place	N
to	P
add	V
ur	D
pic	N
isnt	V
here	R
wth	!
?	,

Sometimes	R
the	D
jokes	N
just	R
write	V
themselves	O
RT	~
@KimKardashian	@
Just	R
saw	V
Social	^
Network	^
Such	A
a	D
great	A
movie	N
.	,
Makes	V
me	O
want	V
to	P
go	V
start	V
a	D
company	N
!	,

RT	~
@lightakari	@
:	~
#Sexstrology	#
Security	N
and	&
protection	N
are	V
more	R
important	A
to	P
a	D
Capricorn	^
woman	N
than	P
passion	N
,	,
lavish	A
gifts	N
,	,
or	&
words	N
of	P
fla	G
...	~

@top10seo	@
Savvis	^
Delivers	V
Year-over-Year	A
Revenue	N
Growth	N
of	P
13%	$
and	&
Adjusted	V
EBITDA	^
Growth	N
of	P
17%	$
for	P
Thir	A
...	~
http://bit.ly/baupGs	U
#top10seo	#

RT	~
@Lovefranny	@
#teamgreen	#
!	,

"	,
That's	L
what	O
we	O
calll	V
ya	O
..."	,

I'm	L
at	P
Flight	N
Centre	N
Toronto	^
Head	N
Office	N
(	,
1	$
dundas	^
street	^
west	^
,	,
Yonge	^
street	^
,	,
Toronto)	^
.	,
http://4sq.com/b3s9KJ	U

Someone	N
really	R
needs	V
to	P
put	V
Mary	^
Kay	^
out	P
of	P
her	D
misery	N
.	,

RT	~
@StephenAtHome	@
:	~
George	^
Soros	^
wants	V
to	P
legalize	V
pot	N
.	,
I	O
guess	V
he's	L
so	R
rich	A
that	P
he's	L
completely	R
run	V
out	T
of	P
legal	A
things	N
to	P
buy	V
.	,

Happy	A
b-day	N
cuzzo	N
@icee_MONROE	@

This	D
21st	A
birthday	N
is	V
the	D
worst	A
birthday	N
I	O
have	V
EVER	R
had	V
!!!!!	,

My	D
baby's	L
here	R
;	,
hopefully	R
he'll	L
take	V
care	N
of	P
me	O
;	,
#sicktweet	#

What's	L
the	D
difference	N
between	P
a	D
Northern	A
fairy	N
tale	N
and	&
a	D
Southern	A
fairy	N
tale	N
?	,

@BlancoDiddy	@
hey	!
!	,
just	R
wanted	V
to	P
tell	V
you	O
that	P
the	D
video	N
was	V
SO	R
funny	A
!	,
good	A
job	N
!!	,

What	O
do	V
you	O
think	V
of	P
the	D
New	A
MySpace	^
?	,
http://ht.ly/30hL9	U

@jhurdles09	@
where	R
the	D
fuck	N
you	O
work	V
at	P
?	,

Arranging	V
a	D
bunch	N
of	P
Animal	^
Crossing	^
music	N
for	P
clarinet	N
and	&
putting	V
them	O
on	P
another	D
part	N
of	P
the	D
site	N
.	,
You'll	L
have	V
to	P
search	V
to	P
find	V
them	O
.	,

@gchance	@
seriously	R
?	,
how	R
?	,

FB	G
"	,
philip	^
christovale	^

@_TheRealYJ	@
Fasho	!
main	N
.	,
Stay	V
up	T
.	,

#Offthysss	#
-	,
2tO	G
Daa	D
Morniinqqqq	N

Is	V
a	D
little	R
disappointed	A
about	P
fall	N
.	,
I've	L
waited	V
&	&
counted	V
down	T
for	P
my	D
favorite	A
season	N
&	&
one	$
day	N
it'll	L
feel	V
amazing	A
,	,
&	&
the	D
next	A
like	P
summer	N
.	,

@ChaChaRealSmoov	@
@iTS_TRiCiE	@
....	,
Mypooh	G
dont	V
be	V
messy	A
!	,
..	,
yu	O
jus	R
pissed	V
me	O
tha	D
fuck	N
off	T
!	,
gtfo	!
my	O
TL	N
!!	,

Keep	R
trying	V
to	P
climb	V
but	&
its	L
too	R
steep	A
another	D
shot	N
of	P
whiskey	N
and	&
back	R
to	P
sleep	V

RT	~
@AdamsMom76	@
:	~
"	,
Adam	^
Lambert	^
or	&
Lady	^
Gaga	^
;	,
who	O
has	V
the	D
best	A
fans	N
?"	,
–	G
POLL	N
~	G
Zoiks	^
!	^
Online	^
-	,
An	D
entertainingly	R
hum	G
..	~
http://bit.ly/9kmLkS	U

Thanx	N
4	P
follow	V
@arkitektmedia	@
nd	&
@THEREALZSWAGG	@

Ha	!
i	O
got	V
to	P
watch	V
the	D
skank	N
that	P
took	V
my	D
parking	N
spot	N
not	R
only	R
trip	V
but	&
break	V
the	D
heel	N
of	P
her	D
stileto	N
muhaha	!
the	D
glory	N
is	V
mine	O

@_niquenique	@
oh	!
lol	!
if	P
I	O
had	V
a	D
girl	N
I	O
wouldn't	V
mind	V
tht	O

@monykassem	@
no	!
i	O
haven't	V
i'm	L
gonna	V
write	V
them	O
today	N
so	P
tell	V
em	O
ur	D
ideas	N
.	,

Are	V
You	O
Ready	A
to	P
Find	V
out	T
How	R
to	P
Tap	V
Into	P
Your	D
True	A
Potential	N
.	,
http://bit.ly/aguPgx	U

Lamar	^
odom	^
knocked	V
that	D
ball	N
out	P

@FrankUwhore	@
V____V	E
so	P
I	O
am	V
Frank	^
,	,
so	P
I	O
am	V
.	,
#TeamLighterThanABlackGuyButStillMexicanLikeFrankButHeJustWontAdmitHeIsAMexican	#

RT	~
@TurntThaFuccUp	@
#TSU	^
+	&
@KevinHart4real	@
=	,
LIVE	A
AS	P
FUCC	N
<<	~
#agreed	V

HAHAHAHA	!
!	,
@SpankinD	@
http://moby.to/op9mgt	U

man	!
for	P
petesakes	N
scratchh	V
that	D
sweepstakesss	N
!	,

Boutta	P
Shake	V
Da	D
Croud	N
So	P
Yall	O
Culd	V
Start	V
Hateing	V
Now	R

Good	A
one	$
,	,
baby	N
bear	N
,	,
good	A
one	$
.	,

RT	~
@insanityreport	@
:	~
You	O
got	V
Chris	^
Bosh	^
(	,
the	D
Velociraptor	N
)	,
on	P
the	D
court	N
with	P
Beetlejuice's	Z
big	A
brother	N
(	,
Paul	^
Pierce	^
)	,

@syllableSlayer	@
no	!
I	O
brought	V
office	^
2008	$
for	P
Mac	^
.	,

RT	~
@KevinKoolKev	@
:	~
I	O
still	R
open	V
doors	N
for	P
ladies	N
--	,
#TrueStory	#

Getting	V
insulation	N
put	V
in	P
attic	N
today	N
.	,
They	O
was	V
sposed	A
2	P
be	V
here	R
at	P
7:30	$
am	N
,	,
but	&
got	V
here	R
at	P
8:30	$
!	,
Where	R
they	O
do	V
dat	O
at	P
?	,

I	O
didn't	V
really	R
like	V
Nicki's	Z
song	N
Right	R
Thru	P
Me	O
at	P
1st	A
,	,
but	&
I	O
like	V
it	O
now	R
lol	!
.	,
I	O
love	V
the	D
video	N
:)	E

@tennillemonique	@
Girl	N
,	,
I	O
can't	V
tell	V
you	O
about	P
my	D
obsession	N
on	P
Twitter	^
.	,
I'll	L
have	V
to	P
tell	V
you	O
later	R
.	,

@fiteraahR	@
hy	!
!	,
:)	E

@David_Ealy	@
lol	!
!	,
Yep	!
it's	L
cold	A
here	R

Subby	^
Dubby	^
Doo	^
is	V
too	R
cute	A
for	P
life	N
ommggggg	!
<3	E
love	N

RT	~
@biyl	@
:	~
God	^
Never	R
Sleep	V
!	,
always	R
#prayforindonesia	G

6	$
tips	N
to	P
save	V
gas	N
&	&
10	$
tips	N
to	P
keep	V
the	D
enviroment	N
and	&
your	D
vehicle	N
on	P
the	D
green	A
side	N
.	,
http://fb.me/MVpc40mo	U

@SammyAmsterdam	@
I	O
can't	V
join	V
the	D
lobby	N
lol	!
it's	L
full	A
..	,
me	O
and	&
Domo	^
killing	V
room	N
1	$

@LightCurls	@
got	V
it	O
--	,
thanks	N
!	,

:(((	E

Benadryl	^
put	V
my	D
ass	N
put	R
like	P
goodnight	N
!	,

@FRSHFRD	@
smfdreads	!
!	,

In	P
the	D
shadow	N
of	P
the	D
Shard	N
|	G
David	^
Shariatmadari	^
-	G
http://newzfor.me/?9ke3	U

#np	#
Misery	N
=)	E

RT	~
@vanessaangelcin	@
:	~
RIP	G
mbah	^
marijan	^

today	N
has	V
been	V
a	D
great	A
day	N
.	,
Did	V
I	O
tweet	V
about	P
it	O
once	R
?	,
nope	!
...	,

Miami	^
is	V
only	R
down	R
by	P
6	$
.	,
Let's	L
see	V
how	R
this	D
4th	A
quarter	N
unfolds	V
...	,

oh	!
well-	!
thank	V
god	^
for	P
Suz	^
right	!
^_^	E

S/O	V
to	P
@	@
wildboyclothing	@
n	&
all	D
the	D
artists	N
,	,
musicians	N
,	,
friends	N
,	,
family	N
and	&
community	N
members	N
who	O
came	V
out	T
to	P
#dosomethingwildvote	G

#NP	#
Young	^
Jeezy	^
@YoungJeezy	@
Ft	V
Birdman	^
@BIRDMAN5STAR	@
&	&
Bun	^
B	^
@BunBTrillOG	@
-	G
My	D
Tool	N
http://t.co/8yp42yR	U

@jojo_9030	@
I	O
was	V
legit	R
about	P
to	P
before	R
I	O
saw	V
the	D
release	N
date	N
of	P
Ss's	Z
new	A
album	N
.	,
Hahaha	!

@Hii_ImFruiity	@
nuin	N
much	R
at	P
all	D
juss	R
chillin	V
waddup	G
w	P
yu	O
?	,

@LilLittel	@
oh	!
good	A
deal	N
!!	,
Shiiit	!

Sundays	^
;	,
I	O
hate	V
you	O
.	,
Mondays	^
;	,
I	O
wont	V
tolerate	V
you	O
.	,
Tuesdays	^
;	,
I'll	L
be	V
a	D
dick	N
to	P
you	O
.	,
Wednesday	^
;	,
I'll	L
look	V
at	P
you	O
.	,
(	,
cont	~
)	,
http://tl.gd/6mcie2	U

I	O
Hope	V
My	D
Sis	N
@NaeGotEmGeekin	@
Gets	V
Better	A

SO	V
to	P
@MDoTMancini	@
@primosquad	@
@MobileCams	@
@GormondKing	@
@LilMasty91	@
@1datingtime	@
@tnice_0126	@
@Dolce01	@
@SoulRockKelly	@
@xNJNIGHTMAREx	@

the	D
chagall	^
windows	N
(	,
aka	G
ferris	^
&	&
sloane's	Z
make-out	N
backdrop	N
)	,
are	V
being	V
reinstalled	V
@ArtInstituteChi	@
as	P
I	O
type	V
.	,
story	N
in	P
sunday's	Z
tribune	^
.	,

I	O
can't	V
believe	V
@NickiMinaj	@
acted	V
like	P
a	D
normal	A
person	N
in	P
the	D
"	,
Right	R
Thru	P
Me	O
"	,
video	N
.	,
I'm	L
still	R
shooked	A
lol	!

RT	~
@dheaaw	@
:	~
#prayforindonesia	#
#prayforindonesia	#
#prayforindonesia	#
:)	E

My	D
roommate	N
doesn't	V
sleep	V
,	,
he	O
hibernates	V
12	$
plus	A
hours	N
a	D
day	N
....	,
SMH	G

Allllllllllll	X
these	D
tweets	N
were	V
from	P
math	N
..	,
Justsayin	G
'	,
(:	E

Just	R
entered	V
the	D
@ZAGGdaily	@
12	$
Weeks	N
of	P
Christmas	^
.	,
This	D
week's	S
prizes	N
:	,
10	$
Nintendo	^
Wiis	^
-	G
http://zagg.to/santa	U

Girls	N
this	D
nigga	N
right	R
here	R
#twitterafterdark	#
http://bit.ly/aWIPZk	U

Look	V
,	,
I	O
need	V
less	A
friends	N
more	A
bread	N
,	,
less	A
talk	N
,	,
more	A
head	N
"	,

European	A
officials	N
criticize	V
U.S.	^
#airport	N
security	N
measures	N
-	,
http://newzfor.me/?9424	U
[	,
Like	V
it	O
?	,
http://bit.ly/aabJGK	U
]	,

I	O
support	V
@fairtradeusa	@
to	P
help	V
#fairtrade	A
workers	N
and	&
farmers	N
fight	V
poverty	N
in	P
their	D
communities	N
.	,
Learn	V
more	R
:	,
http://t.co/SQ7yPez	U

@kstar11	@
some	D
halloween	^
cookies	N
(:	E

@YRSNilla	@
For	P
fast	A
and	&
effective	A
weight	N
loss	N
,	,
try	V
this	O
.	,
http://bit.ly/cAx1Ff	U

@ohitsKELLY	@
LMFAOOOOOO	!
now	R
I	O
get	V
it	O
!	,
LOLOL	!
I'm	L
dying	V
here	R
,	,
hahaha	!
love	V
you♥	O
;D	E

RT	~
@btmerr	@
:	~
Anyone	N
forced	V
to	P
use	V
MSFT	^
Exchange	^
should	V
get	V
hazard	N
pay	N
.	,

RT	~
@Love_JAsh	@
:	~
First	A
time	N
seeing	V
Ye's	Z
film	N
on	P
VH1«-What	G
do	V
you	O
think	V
about	P
it	O
?	,

I	O
go	V
to	P
class	N
and	&
come	V
back	R
and	&
the	D
game	N
looks	V
like	P
this	O
...	,
#womp	#
..	,
im	L
ready	A
for	P
the	D
lakers	^
yo	!

Free	A
3pk	N
of	P
Lindt	^
Truffles	N
(	,
US	^
)	,
http://nblo.gs/9Iuzw	U

@500Pearls	@
haha	!
!!	,
why	R
not	R
??!!	,

European	^
Markets	N
Mixed	V
as	P
Traders	N
Ponder	V
the	D
Fed	^
:	,
Investors	N
have	V
begun	V
to	P
speculate	V
about	P
the	D
Federal	^
Reserve’s	Z
e	G
...	~
http://nyti.ms/b9VNtB	U

APPCRAFT	^
software	^
:	,
T-Mobile	^
Will	V
Deliver	V
The	D
BlackBerry®	^
Bold™	^
9780	$
On	P
November	^
17th	$
:	,
T-Mobile	^
has	V
finall	R
...	~
http://bit.ly/dexQk3	U

When	R
you	O
befriend	V
the	D
enemy	N
,	,
you	O
KNOW	V
you	O
lost	V
my	D
respect	N
!	,
#thatshowitis	#

Lmao	!
u	O
wild	A
RT	~
@KorinGreen	@
:	~
As	P
a	D
mixed	A
child	N
I	O
use	V
to	P
call	V
my	D
mom	N
a	D
nigga	N
just	R
cus	P
she	O
could	V
never	R
say	V
it	O
back	R
and	&
she	O
would	V
b	V
mad	A
too	R
lmao	!

RT	~
@SPINmagazine	@
:	~
Devo	^
postpone	V
tour	N
,	,
Weezer	^
covers	V
...	,
Toni	^
Braxton	^
?	,
+	&
more	A
news	N
:	,
http://su.pr/8ztrNZ	U

Houllier	^
warns	V
young	A
stars	N
against	P
marriage	N
http://bit.ly/cB79Vq	U

A	D
touch	N
of	P
sophistication	N
in	P
the	D
garnish	N
:	,
18/8	$
Stainless	A
Steel	N
Chocolate	N
Shaver/Truffle	G
Slicer	N
:	,
http://tinyurl.com/2cdyk9o	U
#gadget	#
#baking	#

SECRET	A
ADMIRER	N
!	,
:D	E

Just	R
saying	V
"	,
Stop	V
it	O
5	$
"	,
to	P
@BrittanyDasani	@
off	P
#GP	#
#stopit5	#

@CSI_JBieber	@
hahaaha	!
!!	,
i	O
dont	V
care	V
if	P
she	O
realises	V
i	O
will	V
be	V
like	P
shut	V
up	T
teacher	N
and	&
go	V
do	V
your	D
work	N
!!	,
hehe	!
then	R
i	O
will	V
be	V
in	P
trouble	N
!!	,

Q	N
:	,
In	P
your	D
opinion	N
,	,
what	O
constitutes	V
love	N
?	,
A	N
:	,
When	R
you	O
and	&
that	D
person	N
completely	R
trust	V
...:	~
http://lnk.ms/DczKm	U

@thegirlEs	@
that's	L
true	A
.	,
I'm	L
really	R
gonna	V
make	V
an	D
effort	N
next	A
week	N
lol	!

Im	L
original	A
officially	R
the	D
most	R
original	A
If	P
i	O
wasn't	V
so	R
original	A
then	R
it'd	L
be	V
criminal	A

RT	~
@IAmSteveHarvey	@
:	~
My	D
2nd	A
book	N
Straight	A
Talk	N
No	R
Chaser	N
,	,
has	V
limited	A
autographed	A
copies	N
from	P
me	O
,	,
be	V
the	D
first	A
2	P
get	V
it	O
,	,
go	V
to	P
http://tin	U
...	~

@GreenEyezzzzz	@
@bjr70	@
well	!
that	O
sucks	V
!!!	,
now	R
idk	L
where	R
to	P
get	V
music	N
from	P
lol	!

Lol	!
@latenitedame	@
was	V
that	O
mean	A
?	,
It	O
warm't	V
sposed	A
to	P
be	V
.	,
But	&
text	V
the	D
ques	N
or	&
call	V
in	P
a	D
hour	N

This	D
wind	N
is	V
not	R
good	A
for	P
my	D
hair	N
#staticcling	#

Leave	V
it	O
to	P
obama	^
to	P
approve	V
dadt	^
.	,
Honestly	R
,	,
I	O
knew	V
that	P
he	O
wasn't	V
going	V
to	V
do	V
as	P
he	O
led	V
us	O
to	P
believe	V
.	,

Pissed	V

RT	~
@lilduval	@
:	~
Got	!
damn	!
Janet	^
Jackson	^
got	V
a	D
fat	A
ass	N
.	,
Is	V
it	O
real	A
?	,
Nevermind	!
I	O
don't	V
care	V
if	P
it	O
ain't	V

@t_ripley	@
good	A
afternoon	N
smokin	V
aces	N

Intel	^
Backs	V
Three	$
Startups	N
From	P
The	D
Middle	^
East	^
:	,
Nymgo	^
,	,
Jeeran	^
,	,
ShooFeeTV	^
:	,
Intel’s	Z
investment	N
arm	N
,	,
Intel	^
Capital	^
,...	~
http://bit.ly/bMuuQi	U

Ok	!
..	,
Let's	L
shut	V
this	O
down	T
!	,
#celtics	^
.	,
Enough	N
is	V
enough	A
.	,

Hey	!
guys	N
..	,
great	A
job	N
decorating	V
the	D
balconies	N
!	,
Keep	V
up	T
the	D
good	A
work	N
.	,
Remember	V
you	O
have	V
a	D
few	A
days	N
left	V
until	P
we	O
...	~
http://fb.me/D7jpnZv5	U

@PRETTY_iN_TiNK	@
lol	!

RT	~
@boiypr	@
:	~
[	,
SDS]	G
!!	,
favorite	A
song	N
new	A
album	N
@Lylatheband	@
hehe	!
*	,

Ha	!
this	D
fu	N
!!	,
Shit	N
.	,
.	,

T______________________________________________T	E

@deannammorris	@
Goodnight	!
,	,
Sweet	A
Dreams	N
&	&
god	^
bless	V
!	,
Have	V
a	D
safe	A
flight	N
in	P
the	D
morning	N
!	,
Take	V
Care	N
!	,

Chicken	^
Kitchen	^
how	R
is	V
your	D
food	N
so	R
good	A
and	&
all	D
your	D
employees	N
so	R
apathetic	A
and	&
rude	A
.	,
I	O
will	V
never	R
get	V
this	O
.	,

BRICK	R
STRONG	A
.	,
RIP	G
EVAN	^
.	,
<3	E

RT	~
@SharminUltra	@
:	~
#howcome	L
the	D
prettiest	A
people	N
do	V
the	D
ugliest	A
things	N
?	,

always	R
#PrayForIndonesia	G

@GreenEyezzzzz	@
TJ	^
thanks	N
now	R
I	O
have	V
that	D
song	N
in	P
my	D
head	N
and	&
visions	N
of	P
my	D
80s	$
younger	A
self	N
dancing	V
to	P
that	O

Fake	A
weak	A
music	N
makers	N
irritate	V
my	D
ear	N

Yup	!
about	P
35	$
deep	A
RT	~
@SpoodyQue	@
So	R
I	O
heard	V
#OP	^
will	V
be	V
deep	A
on	P
the	D
yard	N
!	,
That's	L
what	O
I	O
like	V
to	P
here	V
!	,
Make	V
sure	A
(	,
cont	~
)	,
http://tl.gd/6mdj5q	U

@WhiteHouse	@
@PressSec	@
Keep	V
using	V
ur	D
illogical	A
car	N
in	P
ditch	N
.	,
It	O
shows	V
how	R
scared	A
u	O
r	V
to	P
talk	V
abt	P
ur	D
Marxist	A
policies	N

RT	~
@disneywords	@
:	~
Once	R
upon	P
a	D
time	N
,	,
not	R
your	D
time	N
,	,
not	R
yet	R
my	D
time	N
,	,
but	&
one	$
time	N
.	,
–Uncle	^
Remus	^
(	,
Song	N
of	P
the	D
South	^
)	,
#disneywords	#

oh	!
drama	N
...	,
and	&
Corn	N
...	,

@modeps	@
Tek	^
is	V
back	A
,	,
it	O
needs	V
to	P
be	V
unbanned	A

@ExQuisiteLook	@
are	V
u	O
on	P
skype	^
now	R

Bet	V
on	P
sports	N
with	P
this	D
sure-money	A
system	N
.	,
Win	V
over	P
90%	$
of	P
your	D
bets	N
!	,
http://cli.gs/E4rms	U

@Soulcialite	@
Girl	N
I'm	L
scared	A
of	P
you	O
!	,
#gohead	#

@trent_wierd_azz	@
whats	L
good	A
bro	N

I	O
got	V
a	D
hole	N
in	P
my	D
head	N
...	,

Bad	A
day	N

@deefizzy	@
just	R
made	V
my	D
life	N
haha	!
<3	E

Hopin	V
my	D
wristbands	N
,	,
biz	N
cards	N
,	,
and	&
stickers	N
come	V
in	P
#tomorrow	N
#BuzzNtheBurgh	#

RT	~
@notacrumb	@
:	~
@rsvpweddingdiva	@
see	V
you	O
there	R
!	,
Getting	V
ready	A
too	R
!	,

lakers	^
about	P
to	P
play	V
very	R
soon	R
!!	,
letsgo	L
!!	,

LMMFFO	!
#youreaninnovator	G
RT	~
@CupTheseCakes	@
@MisterSykhotic	@
how	R
to	P
keep	V
a	D
dummy	N
busy	A
...	,
#RTthis	G

etc	G
etc	G

@jeffbeamish	@
pauly	^
d	^
?	,
Vinny	^
?	,
The	D
situation	N
?	,

@Gallis_	@
was	V
that	O
the	D
wrong	A
context	N
?	,
Tryin	V
to	P
say	V
it	O
wit	P
lingo	N
u	O
would	V
understand	V
.	,
You	O
know	V
how	R
y'all	O
jamaicans	^
are	V
when	R
u	O
don't	V
understand	V

Everybody	O
dick	N
ain't	V
meant	V
to	T
be	V
suck	V
,	,
u	O
have	V
issues	N
with	P
that	O
use	V
condom	N
RT	~
@Nicolie_Ravioli	@
:	~
@SoSoYellow	@
It	O
dont	V
save	V
u	O
from	P
shit	N
if	P
u	O
s	G

@Celebritney	@
female	A
smokers	N
are	V
yucky	A
!	,

@jackpittgregor	@
Tomorrow	N
is	V
a	D
rerun	N
.	,
It's	L
before	P
their	D
time	N
.	,
I	O
don't	V
know	V
about	P
Nate	^
or	&
Ford	^
.	,
I	O
forgot	V
what	O
year	N
it's	L
from	P
.	,
I	O
am	V
thinking	V
...	,

I	O
hate	V
the	D
Heat	^
.	,
(:	E

wisely	R
unsent	A
gmail	^
draft	N
from	P
just	R
now	R
had	V
subject	N
line	N
:	,
"	,
[	,
person's	S
name	N
]	,
crush	N
affirmation	N
"	,
and	&
body	N
:	,
link	N
to	P
a	D
tweet	N
#smittenontwitter	#

Who	O
got	V
a	D
scantron	^
and	&
ur	L
around	P
PAB	^
???	,

