<@MENTION>	@
thanks	N

bommm	!
dia	!
!	,

<@MENTION>	@
did	V
it	O
really	R
snow	V
?	,
you	O
can't	V
blame	V
that	O
on	P
me	O
...	,
i	O
didn't	V
even	R
do	V
anything	N
while	P
i	O
was	V
in	P
utah	^
.	,

13	$
hour	N
day	N
.	,
fin	G
.	,

arrests	N
seen	V
as	P
part	N
of	P
a	D
wider	A
plot	N
<URL-t.co>	U
via	P
<@MENTION>	@
#teaparty	#
#tcot	#

anything	N
you	O
want	V
-	,
mary	^
j	^
.	,
blige	^
ft	V
busta	^
rhymes	^
&	&
gyptian	^
{	,
new	A
single	N
!!	,
}	,
:	,
<URL-ping.fm>	U
(	,
pls	V
rt	V
!!	,
)	,
[	,
oye	!
!!	,
]	,
<@MENTION>	@
<@MENTION>	@

rt	~
<@MENTION>	@
:	~
rt	~
<@MENTION>	@
:	~
lawyer	N
:	,
supreme	^
court	^
should	V
hear	V
sf	^
catholics’	Z
religious	A
freedom	N
case	N
<URL-bit.ly>	U
#cns	#
...	~

<@MENTION>	@
you	O
don't	V
question	V
that	O
.	,
ever	R
.	,

rocky	^
horror	^
#glee	^
!!!	,

i'm	L
at	P
barnes	^
&	&
noble	^
(	,
6501	$
n	^
.	,
grape	^
road	^
,	,
suite	^
1200	$
,	,
mishawaka)	^
.	,
<URL-4sq.com>	U

rt	~
<@MENTION>	@
new	A
#sexy	A
comment	V
about	P
:	,
rape	N
fantasy	N
<URL-tinyurl.com>	U

nike	^
,	,
horrible	A
ad	N
!	,
very	R
smug	A
.	,

rt	~
<@MENTION>	@
:	~
rt	~
<@MENTION>	@
:	~
#shoutout	#
#follow	#
>>>	G
<@MENTION>	@
<@MENTION>	@
<@MENTION>	@
<@MENTION>	@
(	,
cont	~
)	,
ht	U
...	~

photo	N
:	,
<URL-tumblr.com>	U

rt	~
<@MENTION>	@
:	~
<@MENTION>	@
who	O
u	O
like	V
den	R
g	^

rt	~
<@MENTION>	@
:	~
massacre	N
at	P
the	D
cove	^
-	,
<URL-bit.ly>	U
#seashepherd	#
#thecove	#

i	O
think	V
its	L
wrong	A
people	N
judge	V
others	N
by	P
there	D
religion	N
...	,
it	O
gets	V
on	P
my	D
nerves	N
..	,

let's	L
play	V
words	N
with	P
friends	N
.	,
my	D
username	N
is	V
'	,
spreyn0	^
'.	,
<URL-bit.ly>	U

rt	~
<@MENTION>	@
:	~
minho	^
is	V
so	R
omg	!
<3	E
<URL-twitpic.com>	U

spending	V
the	D
day	N
withhh	P
mommma	N
!	,

#np	#
min	^
kyung	^
hoon	^
-	,
it	O
hurts	V
because	P
it's	L
love	N
(	E
y	E
)	E

<@MENTION>	@
obozo	^
will	V
go	V
nuts	A
when	R
pa	^
elects	V
a	D
republican	A
governor	N
next	P
tue	^
.	,
can	V
you	O
say	V
redistricting	V
?	,

rt	~
<@MENTION>	@
:	~
i	O
was	V
allowed	V
to	P
touch	V
a	D
live	A
pair	N
of	P
pig's	S
lungs	N
which	D
are	V
kept	V
for	P
a	D
day	N
at	P
room	N
temp-new	G
tech	N
<URL-yfrog.com>	U

hi	!
there	R
!	,
do	V
you	O
have	V
time	N
challenges	N
?	,
most	A
of	P
us	O
do	V
...	,
so	P
let	V
me	O
know	V
-	,
i'd	L
love	V
to	P
help	V
!	,
dm	V
me	O
or	&
send	V
an	D
@	N
reply	N
&	&
let's	L
get	V
started	V
!	,

un	^
votes	V
against	P
u.s.	^
embargo	N
on	P
cuba	^
for	P
19th	A
year	N
<URL-r.einnews.com>	U

everytime	R
i	O
send	V
a	D
text	N
message	N
i	O
said	V
''	,
leggo	V
''	,

<@MENTION>	@
lmfao	!
!!!	,
u	O
a	D
foo	N
i	O
swear	V

<@MENTION>	@
i	O
vote	V
girl	N
!	,

<@MENTION>	@
lmaooo	!
typo	N

smh	G
rt	~
<@MENTION>	@
video	N
:	~
kat	^
von	^
d	^
engaged	V
to	P
jesse	^
james	^
?	,
<URL-eonli.ne>	U

<@MENTION>	@
awwwwwwwwwwwwwwwwwwwww	!
	G

<@MENTION>	@
oo	!
iight	!
so	P
basically	R
its	L
worth	A
it	T
?	,
fuck	V
it	O
!	,
how	R
long	A
did	V
it	O
last	A

<@MENTION>	@
but	&
why	R
can't	V
i	O
be	V
one	$
i	O
want	V
?	,
lol	!
instead	R
its	L
a	D
crap	N
load	N
of	P
douches	N

<@MENTION>	@
why	!
thank	V
you	O
..	,
:d	E
you	O
bastard	N
.	,

<@MENTION>	@
it	O
was	V
nothing	N
new	A
.	,
it	O
was	V
funny	A
reading	V
about	P
the	D
guy	N
who	O
took	V
the	D
pic	N
though	P
lol	!
.	,
i	O
wonder	V
if	P
the	D
pic	N
made	V
it	O
online	A
.	,

fmlllll	!

sucks	V
for	P
miley	^
!!!	,
her	D
parents	N
filed	V
a	D
divorce	N

lamar	^
gonna	V
get	V
some	O
tonite	N
huh	!
.	,
he	O
got	V
a	D
ring	N
,	,
and	&
the	D
win	N
.	,
so	P
he	O
might	V
as	R
well	R
!!	,

hey	!
there	!
pretty	A
version	N
of	P
me	O
.	,
.	,
.:	,
<URL-yearbook.com>	U

it's	L
good	A
to	P
be	V
responsible	A
but	&
i	O
hate	V
that	P
i'm	L
tooo	R
responsible	A
.	,
i'm	L
on	P
math	N
tutorings	N
and	&
i	O
don't	V
even	R
have	V
a	D
matt	N
test	N
tomorrow	N

never	R
realized	V
how	R
very	R
attractive	A
<@MENTION>	@
is	V
.	,
probably	R
helped	V
that	P
he	O
finally	R
got	V
rid	A
of	P
all	X
that	D
facial	A
hair	N
;p	E

rt	~
<@MENTION>	@
:	~
i	O
spend	V
more	A
time	N
at	P
this	D
table	N
than	P
in	P
my	D
own	A
apartment	N
.	,

<@MENTION>	@
hi	!
hi	!
!!!	,
i'm	L
good	A
...	,
what	O
about	P
u	O
?	,

ya	!
vengoo	^
!	,
:d	E

<@MENTION>	@
<URL-studiolinked.com>	U

<@MENTION>	@
yea	!
they	O
cancel	V
out	T
and	&
durant	^
fuck	V
around	T
and	&
have	V
40	$
,	,
they	O
have	V
no	D
answer	N
for	P
him	O
nobody	N
does	V
...	,

<@MENTION>	@
few	A
weeks	N
ago	P
someone	N
told	V
me	O
that	P
la	^
tapatia	^
has	V
'	,
em	O
but	&
i	O
don't	V
know	V
that	O
firsthand	R
.	,
<URL-ow.ly>	U

<@MENTION>	@
lol	!
my	D
titties	N
was	V
all	R
out	A
!!	,

<@MENTION>	@
<@MENTION>	@
i'm	L
pretty	R
sure	A
the	D
weather	N
is	V
like	P
this	O
b/c	P
god	^
loves	V
me	O
and	&
i	O
asked	V
for	P
warmth	N
my	D
b-day	N
month	N
.	,
gracias	!

damn	!
this	D
shit	N
gets	V
old	A
.	,

<@MENTION>	@
yo	!
where	O
the	D
heat	^
at	P
?	,
i	O
see	V
ice	A
cold	A
shooting	N

shout	V
out	P
to	P
everybody	N
falling	V
asleep	A
tryna	V
send	V
freaky	A
text	N
messages	N
back	R
n	&
forth	R
.	,

<@MENTION>	@
respect	V
to	P
be	V
respected	V
.	,
you	O
receive	V
only	R
as	R
much	A
as	P
u	O
give	V
.	,
change	V
your	D
ways	N
&	&
theyll	L
change	V
their	D
views	N
.	,
#gospelaccordingtolaila	#

"	,
pick	V
up	T
the	D
phone	N
young	A
man	N
stop	V
textin	V
'"	,

#celtics	^
looking	V
pretty	R
beasty	A
this	D
yr	N
i'm	L
predicting	V
a	D
championship	N
run	N
.	,
ps	G
my	D
nigga	N
<@MENTION>	@
still	R
tha	D
man	N
.	,

rt	~
<@MENTION>	@
:	~
"	,
because	P
our	D
software	N
is	V
worth	A
the	D
price	N
i	O
charge	V
."	,
great	A
perspective	N
on	P
the	D
mac	^
app	N
store	N
by	P
<@MENTION>	@
<URL-bit.ly>	U
...	~

rt	~
<@MENTION>	@
:	~
i	O
see	V
u	O
bron	^
...	,
31	$
right	R
quick	A

i	O
don't	V
know	V
why	R
but	&
i	O
feel	V
crummy	A
.	,
trying	V
to	P
lift	V
spirits	N
with	P
moonlit	A
walk	N
.	,

rt	~
<@MENTION>	@
:	~
<@MENTION>	@
dang	!
...	,
<@MENTION>	@
riding	V
with	P
you	O
...	,
headed	V
to	P
the	D
kappa	^
with	P
4	$
swangas	N
and	&
adaptors	N
....	,
lol	!

rt	~
<@MENTION>	@
:	~
did	V
barack	^
obama	^
signal	V
that	P
he	O
will	V
change	V
his	D
stance	N
on	P
marriage	N
equality	N
?	,
<URL-j.mp>	U
(	,
via	P
<@MENTION>	@
)	,

its	L
hard	A
for	P
me	O
when	R
i	O
have	V
too	P
ask	V
,	,
is	V
it	O
really	R
that	R
dull	A
!?	,

#nba	#
:)	E

as	R
bad	A
as	P
the	D
heat	^
played	V
!	,
&	&
as	R
well	R
as	P
the	D
celtics	^
played	V
...	,
look	V
at	P
the	D
score	N
!	,
scary	A
huh	!
?	,

<@MENTION>	@
he's	L
in	P
heaven	^
!	,

rt	~
<@MENTION>	@
:	~
#prayforindonesia	#
so	R
sad	A

years	N
of	P
pounding	V
...	,
rt	~
<@MENTION>	@
<@MENTION>	@
you'll	L
be	V
ok	A
.	,
i	O
didn't	V
feel	V
a	D
thing	N

lol	!
!	,
rt	~
<@MENTION>	@
i	O
never	R
pay	V
for	P
weed	N
#whodoesthat	#

1895	$
o	^
vf20	^
anacs	^
silver	A
morgan	^
dollar	N
new	^
orleans	^
coin	N
:	,
us	^
$	G
465.00	$
(	,
0	$
bid	N
)	,
end	N
date	N
:	,
tuesday…	^
<URL-bit.ly>	U

gumdrop	N
gingerbread	N
man	N
glitter	N
gift	N
tags	N
-	,
set	N
of	P
12	$
:	,
$	G
4.25	$
run	V
,	,
run	V
just	R
as	R
fast	A
as	P
you	O
can	V
!	,
you	O
can't	V
catch	V
me	O
,	,
...	~
<URL-bit.ly>	U

hi	!
ajit	^
,	,
following	N
is	V
sample	N
code	N
t	P
o	P
achive	V
the	D
same	A
.	,
put	V
all	D
your	D
jquery	^
code	N
in	P
a	D
seprate	A
javascript	^
file	N
...	~
<URL-bit.ly>	U
#answers	#

odd	A
weather	N
today	N
.	,
one	$
minutes	N
it's	L
raining	V
another	D
i've	L
got	V
the	D
sun	N
in	P
my	D
eyes	N
.	,

put	V
me	O
n	R
e	R
where	R
on	P
gods	Z
green	A
earth	N
...	,
i'll	L
triple	V
my	D
worth	N

business	N
-	,
twitter	^
search	N
:	,
 senior	A
technical	N
business	N
analyst	N
(	,
10093	$
)	,
titusville	^
,	,
nj	^
<URL-openings.cmi.com>	U
...	~
<URL-ow.ly>	U

facetime	^
on	P
mac	^
...	,
yay	!

cnt	V
wait	V
to	P
sleep	V

<@MENTION>	@
yu	O
really	R
was	V

pkollar	^
:	,
<@MENTION>	@
really	R
?	,
how	R
soon	R
?	,
i	O
didn't	V
realize	V
!	,
[	,
phil	^
kollar	^
<@MENTION>	@
really	R
?	,
how	R
soon	R
?	,
i	O
didn't	V
realize	V
!	,
]	,
<URL-bit.ly>	U

|	,
<3	V
him|	O
lol	!
he	O
puts	V
a	D
smile	N
on	P
muh	D
face	N
er	D
day	N
!!	,
*	,
=]	E
ihs	L
amazing	A
how	R
sum	D
ppl	N
juhz	R
have	V
dhat	D
effect	N
on	P
yhur	D
life	N
..	,

have	V
i	O
really	R
given	V
jesus	^
control	N
over	P
my	D
life	N
decisions	N
or	&
do	V
i	O
only	R
consult	V
him	O
on	P
the	D
things	N
i	O
know	V
he	O
agrees	V
with	P
me	O
on	P
?	,

<@MENTION>	@
*	,
happy	A
tears	N
*	,
you're	L
one	$
incredible	A
son	N
i	O
hope	V
you	O
know	V

and	&
tall	A

hater	N
alert	N
hater	N
alert	N
------>	G
<@MENTION>	@
get	V
off	T
the	D
lakers	Z
tip	N
#plznthanku	#
(^_^)	E

<@MENTION>	@
i	O
don't	V
think	V
to	P
sign	V
up	T
.	,
how	R
crowded	A
does	V
wed	^
spin	N
get	V
?	,

<@MENTION>	@
happy	A
birthday	N
miss	N

<@MENTION>	@
ahh	!
,	,
that's	L
right	A
.	,
.	,
.	,
you're	L
not	R
a	D
fan	N
of	P
the	D
soft	A
sciences	N
.	,
you	O
got	V
this	O
.	,
don't	V
stress	V
.	,
get	V
some	D
sleep	N
and	&
eat	V
before	P
your	D
exam	N
.	,

obama	^
drops	V
'	,
creator	N
'	,
from	P
declaration	N
again	R
<URL-t.co>	U
via	P
<@MENTION>	@
#antichristian	#
#endtimes	#
#fb	#

<@MENTION>	@
nobody	N
lol	!
:	E
0	E
)	E

getting	V
ready	A
for	P
saturday	^
night	N
,	,
have	V
to	P
start	V
getting	V
into	P
character	N
now	R
!	,
<URL-wikihow.com>	U

<@MENTION>	@
:	~
“	,
<@MENTION>	@
:	,
southside	^
they	O
outside	R
.	,
on	P
they	D
knees	N
with	P
they	D
mouth	N
wide”	A
(	,
/	,
gzz	G
must	V
be	V
drunk	A
for	P
sayin	V
dat	D
shyt	N
realrap	G

beat	V
fable	^
3	$
with	P
flying	V
colors	N
.	,
now	R
to	P
be	V
a	D
bit	A
more	R
extreme	A

<@MENTION>	@
follow	V
me	O
nicki	^
!!!!!!	,

im	L
hott	A
as	P
hell	N
...	,
wooo	!

<@MENTION>	@
lol	!
good	A
!	,
nothing	N
wrong	A
with	P
that	O
:)	E

columbus	^
'	G
airport	N
has	V
gatekeeper-free	A
wifi	N
&	&
tons	N
of	P
electric	N
outlets	N
.	,
cincinnati's	Z
charges	V
for	P
both	O
.	,
surprised	V
they	O
don't	V
have	V
pay	N
toilets	N
.	,

its	L
either	&
your	L
on	P
my	D
team	N
or	&
your	L
not	R
!	,

<@MENTION>	@
who's	L
the	D
game	N
??	,

#uzeeeit	#
rt	~
<@MENTION>	@
why	R
would	V
i	O
want	V
to	P
put	V
a	D
location	N
on	P
my	D
tweets	N
?	,

(	,
san	^
francisco	^
)	,
departure	N
of	P
peralta	^
at	P
17:27	$

rt	~
<@MENTION>	@
:	~
when	R
i	O
die	V
hope	V
i	O
live	V
in	P
the	D
sky	N
.	,

<@MENTION>	@
move	V
down	R
here	R
.	,
it's	L
doing	V
absolutely	R
nothing	N
.	,
we	O
barely	R
got	V
rain	N
.	,

<@MENTION>	@
gud	A
loc	N
!	,

rt	~
<@MENTION>	@
this	D
fantasia	^
bowl	N
hair	N
cut	N
that	P
supposed	A
to	P
be	V
in	P
style	N
kill	V
it	O
!!	,
#fail	#
<<	~
plz	V
!!	,
lol	!

i'm	L
so	R
hungry	A

my	D
twitter	^
is	V
messed	V
up	T
!	,

#lb	#
#news	#
:	,
silverado	^
park	^
pool	N
swim	N
lessons	N
<URL-bit.ly>	U

<@MENTION>	@
soon	R
!	,
we	O
talk	V
about	P
this	O
every	D
other	A
day	N
!	,

<@MENTION>	@
have	V
you	O
tried	V
installing	V
it	O
on	P
your	D
hard	N
drive	N
yet	R
?	,
^dj	G

yoooo	!
if	P
you	O
a	D
kobe	^
fan	N
tweet	V
me	O
,	,
what's	L
#lakerin	V

<@MENTION>	@
actually	R
has	V
little	A
to	P
do	V
with	P
time	N
.	,
most	A
are	V
happy	A
floating	V
orders	N
needing	V
to	P
be	V
done	V
that	D
day	N
and	&
spread	V
out	T
so	P
i	O
can	V
see	V
.	,
:)	E

"	,
hotel	^
rwanda	^
"	,
hero	N
implicated	V
with	P
ingabire	^
-	,
prosecutor	N
:	,
actress	N
angelina	^
jolie	^
poses	V
with	P
paul	^
rusesabagina	^
(	,
r)	A
...	~
<URL-bit.ly>	U

damn	!
i	O
gotta	V
eat	V
somethin	N
.....	,
all	D
i	O
had	V
to	P
eat	V
is	V
snickers	^
and	&
a	D
lemonade	N
#smh	G
damn	!
ya	!
boi	N
on	P
that	D
#undergradbudget	N

wow	!
!!!!!!!	,
mathew	^
morrison	^
shirtless	A
was	V
hot	A
!	,

o____o	E

yo	!
,	,
it's	L
thursday	^
,	,
28th	$
october	^
.	,
morning	N
,	,
my	D
country	N
!	,
morning	N
,	,
life	N
!	,
morning	N
,	,
great	A
people	N
!	,
:d	E

being	V
told	V
you	O
interview	V
well	R
is	V
one	$
of	P
the	D
best	A
compliments	N
.	,

vintage	A
venesha	^
80%	$
angora	A
sweater	N
,	,
sage	R
green	A
,	,
size	N
small	A
<URL-tinyurl.com>	U
at	P
bonanza	^
.	,

yooo	!
wtf	!
u	O
been	V
at	P
!!	,
txt	V
me	O
!!	,
rt	~
<@MENTION>	@
:	~
it's	L
show	N
off	N
tuesday	^
cuz	P
no	D
work	N
wednesday	^
for	P
me	O
...	,
hehehehehe	!
;-)	E

i'm	L
no	D
meteorologist	N
,	,
but	&
i'm	L
pretty	R
sure	A
its	L
raining	V
bitches	N
!	,

gettin	V
it	O
in	T

everytime	R
i	O
watch	V
da	D
celtics	^
game	N
or	&
da	D
lakers	^
game	N
,	,
it	O
reminds	V
me	O
back	R
at	P
da	D
hoover	^
games	N
.	,
everybody	N
,	,
wud	V
cheer	V
for	P
da	D
cardinals	^
!	,
:d	E

<@MENTION>	@
raq	^
stacks	^
lol	!
.	,

rt	~
<@MENTION>	@
:	~
still	R
bumpin	V
'	,
<@MENTION>	@
#speaknow	^
in	P
my	D
car	N
!	,
probably	R
won't	V
be	V
changing	V
records	N
anytime	R
soon	R
.	,

shannon	^
better	R
start	V
claiming	V
chris	^
as	P
his	D
lil	A
bro	N

he	O
neva	R
tells	V
no	!
....	,
i	O
hit	V
it	O
&	&
then	R
i	O
go	V

arabian's	Z
timey	N
.	,
whfft	!
i	O
wish	V
i	O
born	V
to	P
be	V
an	D
arabian	^
.	,
like	P
<@MENTION>	@
lolololol	!
:	E
3	E

it	O
gets	V
better	R
...	,
chief	^
chick	^
chatter	^
<URL-t.co>	U

everyones	L
talking	V
bout	P
the	D
celtics	^
&	&
i'm	L
sitting	V
here	R
lost	A
.	,
luckily	R
i	O
don't	V
care	V
much	A
for	P
basketball	N
.	,

goodmorning	!
<@MENTION>	@
<@MENTION>	@
<@MENTION>	@
<@MENTION>	@
<@MENTION>	@
<@MENTION>	@
<@MENTION>	@
<@MENTION>	@
<@MENTION>	@
<@MENTION>	@

<@MENTION>	@
she	O
uglyy	A
aha	!
.	,

every	D
things	N
cange	V
..	,

thx	N
to	P
<@MENTION>	@
check	V
out	T
<URL-youtube.com>	U
"	,
slumber	N
sleepover	N
lan	N
party	N
massacre	N
"	,
trailer	N

a	D
girl	N
from	P
last	A
night	N
txted	V
me	O
2day	R
wonderin	V
where	R
her	D
keys	N
were	V
.	,
it	O
took	V
me	O
2	$
replies	N
on	P
my	D
part	N
til	P
i	O
realized	V
i	O
didn't	V
want	V
2	P
talk	V
2	P
her	O

it's	L
snowy	A
in	P
slc	^
,	,
but	&
still	R
warm	A
+	&
sunny	A
down	P
south—the	G
inn	^
at	P
entrada	^
offers	V
ceremonies	N
with	P
red	A
rock	N
views	N
:	G
<URL-bit.ly>	U
#wiw	#
#ww	#

anyone	N
want	V
to	P
video	N
chat	V
?	,
join	V
my	D
chatroom	N
with	P
20	$
other	A
people	N
<URL-tinychat.com>	U

got	V
an	D
hour	N
sleep	N
.	,
tired	V
as	P
hell	N
.	,
stuck	V
in	P
the	D
only	A
mcds	^
drive	N
thru	N
for	P
30	$
miles	N
...	,
fml	!
.	,

surely	R
our	D
messiah	^
will	V
make	V
all	D
things	N
new	A
!	,

<@MENTION>	@
i	O
don't	V
dislike	V
frank's	Z
superman	^
.	,
i'm	L
just	R
tired	A
of	P
it	O
.	,

rt	~
<@MENTION>	@
:	~
sometimes	R
the	D
person	N
i	O
want	V
most	R
is	V
the	D
person	N
i'm	L
better	A
off	R
without	P
.	,
#damnitstrue	#

brb	!
.	,
gotta	V
takke	V
some	D
more	A
things	N
off	P
mii	D
phone	N
...	,

<@MENTION>	@
lol	!
i	O
guesssss	V

you're	L
inconsiderate	A
,	,
a	D
bitch	N
,	,
nosy	A
,	,
and	&
i	O
don't	V
have	V
time	N
for	P
you	O
.	,

<@MENTION>	@
lmao	!
!	,
i	O
couldn't	V
resist	V
!	,
sorry	V
...	,
lol	!

rt	~
<@MENTION>	@
:	~
somebody	N
tell	V
sasha	^
vulecic	^
to	P
finish	V
his	D
damn	A
rosetta	^
stone	^
english	^
cds	N

rt	~
<@MENTION>	@
:	~
sear's	Z
christmas	^
commercial	N
?	,
what	O
?	,
can	V
we	O
have	V
halloween	^
and	&
thanksgiving	^
first	A
please	V
?	,

my	D
mom	N
thinks	V
ron	^
artest	^
look	V
like	P
a	D
convict	N
lmao	!
this	D
lady	N

*	,
silence*	N
...	,
"	,
i	O
love	V
you	O
more	A
than	P
all	X
the	D
fishes	N
in	P
the	D
sea	N
...	,
as	P
there's	L
alot	N
of	P
fish	N
in	P
the	D
sea	N
!"	,
ahaha	!
,	,
i	O
love	V
e	^
.	,
jay	^
<3	E

rt	~
<@MENTION>	@
:	~
tonight's	S
memorial	N
for	P
lucas	^
ransom	^
starts	V
at	P
8:00	$
p.m.	N
and	&
is	V
being	V
held	V
at	P
the	D
open	A
space	N
at	P
the	D
corner	N
of	P
del	^
pla	^
...	~

<@MENTION>	@
can	V
you	O
get	V
one	$
at	P
starbucks	^
?	,
if	P
so	R
,	,
i'm	L
getting	V
one	$
on	P
my	D
way	N
home	R
!	,

rt	~
<@MENTION>	@
:	~
did	V
the	D
texas	^
chainsaw	^
massacre	^
really	R
happen	V
?	,
-	~
lol	!
yes	!
.	,

justin	^
bieber’s	Z
'	,
my	D
world	N
'	,
can	V
be	V
your	D
world	N
too	R
on	P
black	^
friday	^
<URL-bit.ly>	U

lil	A
bulimic	A
ass	N

can	V
boston	^
&	&
miami	^
both	D
lose	V
tonight	N
?	,
i'd	L
like	V
that	O
.	,
rt	~
<@MENTION>	@
:	~
miami	^
playing	V
zone	N
defense	N
?	,
lebron	^
can't	V
do	V
something	N
man	N
to	P
man	N
,	,
eh	!
?	,

photo	N
:	,
love	V
it	O
.	,
<URL-tumblr.com>	U

<@MENTION>	@
kobe	^
;-)	E

macdonalds	^
are	V
#cheapasses	N
i	O
ask	V
for	P
a	D
lot	N
of	P
mcchicken	^
sauce	N
and	&
they	O
give	V
me	O
2	$
what	O
if	P
i	O
asked	V
for	P
little	A
ill	L
probably	R
get	V
a	D
1/2	$
of	P
one	$
!!	,

rt	~
<@MENTION>	@
men's	S
soccer	N
goal	N
highlight	N
video	N
:	,
check	V
out	T
the	D
newest	A
video	N
of	P
some	D
of	P
the	D
m	G
...	~
<URL-bit.ly>	U
<URL-bit.ly>	U

ky-sen	^
:	,
rand	^
paul	^
followers	N
try	V
to	P
suppress	V
curbstomping	V
video	N
<URL-t.co>	U
[	,
like	V
it	O
?	,
<URL-bit.ly>	U
]	,

there	X
are	V
so	R
many	A
douche	N
bags	N
at	P
the	D
social	^
distortion	^
show	N
tonight	N
that	P
i	O
feel	V
like	P
i'm	L
living	V
in	P
an	D
axe	^
body	N
spray	N
commercial	N
.	,
help	V
me	O
.	,

<@MENTION>	@
you	O
should	V
.	,

#thingsyouwishyoucansaybutcant	#
...	,
sorry	A
i	O
can't	V
say	V
...	,

i	O
want	V
to	P
go	V
on	P
stage	N
with	P
selena	^
(	,
#selenagomez	^
live	A
at	P
<URL-ustre.am>	U
)	,

finally	R
!!!	,
the	D
media	N
actually	R
released	V
some	D
valid	A
information	N
about	P
real	A
estate	N
!	,
<URL-fb.me>	U

what	O
makes	V
u	O
not	R
want	V
to	P
tell	V
me	O
the	D
truth	N
?	,
what's	L
the	D
fuckn	A
point	N
.	,
when	R
do	V
u	O
tell	V
the	D
truth	N
...	,
lies	N
are	V
not	R
for	P
me	O
.	,

so	R
anxious	A
.	,
can't	V
sleep	V
.	,
fuck	V
me	O
.	,

<@MENTION>	@
let's	L
say	V
darth	^
vader	^
was	V
still	R
alive	A
and	&
all	D
the	D
ewoks	^
were	V
prisoners	N
(	,
not	R
to	P
mention	V
all	D
mcfly	^
fans)	N
...	,
how	R
would	V
you	O
save	V
them	O
??	,

<@MENTION>	@
dude	N
your	D
"	,
relax	^
"	,
video	N
kicked	V
rihanna's	Z
"	,
disturbia	^
"	,
right	R
in	P
the	D
teeth	N
.	,

just	R
tracked	V
down	T
a	D
few	N
of	P
my	D
fav	A
junior	N
high	N
students	N
from	P
1995	$
-	,
*	,
sigh	V
*	,
-	,
they	O
are	V
adults	N
now	R
.	,
so	R
weird	A
.	,
they	O
are	V
beautiful	A
kids	N
,	,
tho	R
.	,

good	A
luck	N
on	P
that	O

<@MENTION>	@
i	O
got	V
a	D
perfect	A
message	N
on	P
youtube	^
today	N
from	P
your	D
friend	N
<@MENTION>	@
!	,
it	O
made	V
me	O
go	V
ahhhhhhhhh	!
!	,
huge	A
grin	N
;)	E

<@MENTION>	@
<@MENTION>	@
lmao	!
that	D
little	A
thang	N
!	,
yea	!
i	O
see	V
it	O
tho	R
.	,
here	R
today	N
gone	V
tommorow	N

<@MENTION>	@
chrisdmuchris	^

rt	~
<@MENTION>	@
:	~
ilove	L
it	O
when	R
ppl	N
tell	V
me	O
about	P
myself	O
when	R
i	O
do	V
something	N
wrong	A
or	&
offensive	A
i	O
would	V
like	V
it	O
when	R
ppl	N
tell	V
me	O
somet	G
...	~

i'm	L
at	P
posados	^
in	P
lufkin	^
,	,
tx	^
<URL-gowal.la>	U

most	A
of	P
these	D
article	N
submission	N
engines	N
have	V
these	D
stupid	A
stock	N
photos	N
for	P
"	,
author	N
pics	N
,"	,
but	&
this	D
one	$
is	V
a	D
"	,
amazine	A
"	,
<URL-bit.ly>	U

half	N
of	P
small	A
companies	N
expect	V
staff	N
theft	N
:	,
survey	N
<URL-ow.ly>	U

<@MENTION>	@
why	R
were	V
you	O
fired	V

<@MENTION>	@
back	V
off	T
caitlin	^
!!	,
~	~
what's	L
your	D
problem	N
?	,
you	O
don't	V
even	R
know	V
her	O
...	,

#thingsyouwishyoucouldsaybutcant	#
*	,
in	P
class	N
*	,
bitch	N
shut	V
your	D
illiterate	A
ass	N
up	P
..	,
just	R
sit	V
back	R
and	&
learn	V
..	,

yayyyy	!
boston	^
!	,

<@MENTION>	@
its	L
goin	V
down	R
4	P
halloween	^
@	P
reign	^
lounge	^
!!	,
$1000	$
giveaway	N
4	P
the	D
best	A
costume	N
!!	,
sections	N
are	V
goin	V
fast	R
!!	,
book	V
urs	O
now	R
!!	,
rt	V

<@MENTION>	@
thanks	!
,	,
skye	^
!	,

rt	~
<@MENTION>	@
:	~
unimpressed	A
with	P
apple	^
hardware	N
quality	N
recently	R
.	,

ok	!
the	D
place	N
to	P
add	V
ur	D
pic	N
isnt	V
here	R
wth	!
?	,

sometimes	R
the	D
jokes	N
just	R
write	V
themselves	O
rt	~
<@MENTION>	@
just	R
saw	V
social	^
network	^
such	A
a	D
great	A
movie	N
.	,
makes	V
me	O
want	V
to	P
go	V
start	V
a	D
company	N
!	,

rt	~
<@MENTION>	@
:	~
#sexstrology	#
security	N
and	&
protection	N
are	V
more	R
important	A
to	P
a	D
capricorn	^
woman	N
than	P
passion	N
,	,
lavish	A
gifts	N
,	,
or	&
words	N
of	P
fla	G
...	~

<@MENTION>	@
savvis	^
delivers	V
year-over-year	A
revenue	N
growth	N
of	P
13%	$
and	&
adjusted	V
ebitda	^
growth	N
of	P
17%	$
for	P
thir	A
...	~
<URL-bit.ly>	U
#top10seo	#

rt	~
<@MENTION>	@
#teamgreen	#
!	,

"	,
that's	L
what	O
we	O
calll	V
ya	O
..."	,

i'm	L
at	P
flight	N
centre	N
toronto	^
head	N
office	N
(	,
1	$
dundas	^
street	^
west	^
,	,
yonge	^
street	^
,	,
toronto)	^
.	,
<URL-4sq.com>	U

someone	N
really	R
needs	V
to	P
put	V
mary	^
kay	^
out	P
of	P
her	D
misery	N
.	,

rt	~
<@MENTION>	@
:	~
george	^
soros	^
wants	V
to	P
legalize	V
pot	N
.	,
i	O
guess	V
he's	L
so	R
rich	A
that	P
he's	L
completely	R
run	V
out	T
of	P
legal	A
things	N
to	P
buy	V
.	,

happy	A
b-day	N
cuzzo	N
<@MENTION>	@

this	D
21st	A
birthday	N
is	V
the	D
worst	A
birthday	N
i	O
have	V
ever	R
had	V
!!!!!	,

my	D
baby's	L
here	R
;	,
hopefully	R
he'll	L
take	V
care	N
of	P
me	O
;	,
#sicktweet	#

what's	L
the	D
difference	N
between	P
a	D
northern	A
fairy	N
tale	N
and	&
a	D
southern	A
fairy	N
tale	N
?	,

<@MENTION>	@
hey	!
!	,
just	R
wanted	V
to	P
tell	V
you	O
that	P
the	D
video	N
was	V
so	R
funny	A
!	,
good	A
job	N
!!	,

what	O
do	V
you	O
think	V
of	P
the	D
new	A
myspace	^
?	,
<URL-ht.ly>	U

<@MENTION>	@
where	R
the	D
fuck	N
you	O
work	V
at	P
?	,

arranging	V
a	D
bunch	N
of	P
animal	^
crossing	^
music	N
for	P
clarinet	N
and	&
putting	V
them	O
on	P
another	D
part	N
of	P
the	D
site	N
.	,
you'll	L
have	V
to	P
search	V
to	P
find	V
them	O
.	,

<@MENTION>	@
seriously	R
?	,
how	R
?	,

fb	G
"	,
philip	^
christovale	^

<@MENTION>	@
fasho	!
main	N
.	,
stay	V
up	T
.	,

#offthysss	#
-	,
2to	G
daa	D
morniinqqqq	N

is	V
a	D
little	R
disappointed	A
about	P
fall	N
.	,
i've	L
waited	V
&	&
counted	V
down	T
for	P
my	D
favorite	A
season	N
&	&
one	$
day	N
it'll	L
feel	V
amazing	A
,	,
&	&
the	D
next	A
like	P
summer	N
.	,

<@MENTION>	@
<@MENTION>	@
....	,
mypooh	G
dont	V
be	V
messy	A
!	,
..	,
yu	O
jus	R
pissed	V
me	O
tha	D
fuck	N
off	T
!	,
gtfo	!
my	O
tl	N
!!	,

keep	R
trying	V
to	P
climb	V
but	&
its	L
too	R
steep	A
another	D
shot	N
of	P
whiskey	N
and	&
back	R
to	P
sleep	V

rt	~
<@MENTION>	@
:	~
"	,
adam	^
lambert	^
or	&
lady	^
gaga	^
;	,
who	O
has	V
the	D
best	A
fans	N
?"	,
–	G
poll	N
~	G
zoiks	^
!	^
online	^
-	,
an	D
entertainingly	R
hum	G
..	~
<URL-bit.ly>	U

thanx	N
4	P
follow	V
<@MENTION>	@
nd	&
<@MENTION>	@

ha	!
i	O
got	V
to	P
watch	V
the	D
skank	N
that	P
took	V
my	D
parking	N
spot	N
not	R
only	R
trip	V
but	&
break	V
the	D
heel	N
of	P
her	D
stileto	N
muhaha	!
the	D
glory	N
is	V
mine	O

<@MENTION>	@
oh	!
lol	!
if	P
i	O
had	V
a	D
girl	N
i	O
wouldn't	V
mind	V
tht	O

<@MENTION>	@
no	!
i	O
haven't	V
i'm	L
gonna	V
write	V
them	O
today	N
so	P
tell	V
em	O
ur	D
ideas	N
.	,

are	V
you	O
ready	A
to	P
find	V
out	T
how	R
to	P
tap	V
into	P
your	D
true	A
potential	N
.	,
<URL-bit.ly>	U

lamar	^
odom	^
knocked	V
that	D
ball	N
out	P

<@MENTION>	@
v____v	E
so	P
i	O
am	V
frank	^
,	,
so	P
i	O
am	V
.	,
#teamlighterthanablackguybutstillmexicanlikefrankbuthejustwontadmitheisamexican	#

rt	~
<@MENTION>	@
#tsu	^
+	&
<@MENTION>	@
=	,
live	A
as	P
fucc	N
<<	~
#agreed	V

hahahaha	!
!	,
<@MENTION>	@
<URL-moby.to>	U

man	!
for	P
petesakes	N
scratchh	V
that	D
sweepstakesss	N
!	,

boutta	P
shake	V
da	D
croud	N
so	P
yall	O
culd	V
start	V
hateing	V
now	R

good	A
one	$
,	,
baby	N
bear	N
,	,
good	A
one	$
.	,

rt	~
<@MENTION>	@
:	~
you	O
got	V
chris	^
bosh	^
(	,
the	D
velociraptor	N
)	,
on	P
the	D
court	N
with	P
beetlejuice's	Z
big	A
brother	N
(	,
paul	^
pierce	^
)	,

<@MENTION>	@
no	!
i	O
brought	V
office	^
2008	$
for	P
mac	^
.	,

rt	~
<@MENTION>	@
:	~
i	O
still	R
open	V
doors	N
for	P
ladies	N
--	,
#truestory	#

getting	V
insulation	N
put	V
in	P
attic	N
today	N
.	,
they	O
was	V
sposed	A
2	P
be	V
here	R
at	P
7:30	$
am	N
,	,
but	&
got	V
here	R
at	P
8:30	$
!	,
where	R
they	O
do	V
dat	O
at	P
?	,

i	O
didn't	V
really	R
like	V
nicki's	Z
song	N
right	R
thru	P
me	O
at	P
1st	A
,	,
but	&
i	O
like	V
it	O
now	R
lol	!
.	,
i	O
love	V
the	D
video	N
:)	E

<@MENTION>	@
girl	N
,	,
i	O
can't	V
tell	V
you	O
about	P
my	D
obsession	N
on	P
twitter	^
.	,
i'll	L
have	V
to	P
tell	V
you	O
later	R
.	,

<@MENTION>	@
hy	!
!	,
:)	E

<@MENTION>	@
lol	!
!	,
yep	!
it's	L
cold	A
here	R

subby	^
dubby	^
doo	^
is	V
too	R
cute	A
for	P
life	N
ommggggg	!
<3	E
love	N

rt	~
<@MENTION>	@
:	~
god	^
never	R
sleep	V
!	,
always	R
#prayforindonesia	G

6	$
tips	N
to	P
save	V
gas	N
&	&
10	$
tips	N
to	P
keep	V
the	D
enviroment	N
and	&
your	D
vehicle	N
on	P
the	D
green	A
side	N
.	,
<URL-fb.me>	U

<@MENTION>	@
i	O
can't	V
join	V
the	D
lobby	N
lol	!
it's	L
full	A
..	,
me	O
and	&
domo	^
killing	V
room	N
1	$

<@MENTION>	@
got	V
it	O
--	,
thanks	N
!	,

:(((	E

benadryl	^
put	V
my	D
ass	N
put	R
like	P
goodnight	N
!	,

<@MENTION>	@
smfdreads	!
!	,

in	P
the	D
shadow	N
of	P
the	D
shard	N
|	G
david	^
shariatmadari	^
-	G
<URL-newzfor.me>	U

#np	#
misery	N
=)	E

rt	~
<@MENTION>	@
:	~
rip	G
mbah	^
marijan	^

today	N
has	V
been	V
a	D
great	A
day	N
.	,
did	V
i	O
tweet	V
about	P
it	O
once	R
?	,
nope	!
...	,

miami	^
is	V
only	R
down	R
by	P
6	$
.	,
let's	L
see	V
how	R
this	D
4th	A
quarter	N
unfolds	V
...	,

oh	!
well-	!
thank	V
god	^
for	P
suz	^
right	!
^_^	E

s/o	V
to	P
@	@
wildboyclothing	@
n	&
all	D
the	D
artists	N
,	,
musicians	N
,	,
friends	N
,	,
family	N
and	&
community	N
members	N
who	O
came	V
out	T
to	P
#dosomethingwildvote	G

#np	#
young	^
jeezy	^
<@MENTION>	@
ft	V
birdman	^
<@MENTION>	@
&	&
bun	^
b	^
<@MENTION>	@
-	G
my	D
tool	N
<URL-t.co>	U

<@MENTION>	@
i	O
was	V
legit	R
about	P
to	P
before	R
i	O
saw	V
the	D
release	N
date	N
of	P
ss's	Z
new	A
album	N
.	,
hahaha	!

<@MENTION>	@
nuin	N
much	R
at	P
all	D
juss	R
chillin	V
waddup	G
w	P
yu	O
?	,

<@MENTION>	@
oh	!
good	A
deal	N
!!	,
shiiit	!

sundays	^
;	,
i	O
hate	V
you	O
.	,
mondays	^
;	,
i	O
wont	V
tolerate	V
you	O
.	,
tuesdays	^
;	,
i'll	L
be	V
a	D
dick	N
to	P
you	O
.	,
wednesday	^
;	,
i'll	L
look	V
at	P
you	O
.	,
(	,
cont	~
)	,
<URL-tl.gd>	U

i	O
hope	V
my	D
sis	N
<@MENTION>	@
gets	V
better	A

so	V
to	P
<@MENTION>	@
<@MENTION>	@
<@MENTION>	@
<@MENTION>	@
<@MENTION>	@
<@MENTION>	@
<@MENTION>	@
<@MENTION>	@
<@MENTION>	@
<@MENTION>	@

the	D
chagall	^
windows	N
(	,
aka	G
ferris	^
&	&
sloane's	Z
make-out	N
backdrop	N
)	,
are	V
being	V
reinstalled	V
<@MENTION>	@
as	P
i	O
type	V
.	,
story	N
in	P
sunday's	Z
tribune	^
.	,

i	O
can't	V
believe	V
<@MENTION>	@
acted	V
like	P
a	D
normal	A
person	N
in	P
the	D
"	,
right	R
thru	P
me	O
"	,
video	N
.	,
i'm	L
still	R
shooked	A
lol	!

rt	~
<@MENTION>	@
:	~
#prayforindonesia	#
#prayforindonesia	#
#prayforindonesia	#
:)	E

my	D
roommate	N
doesn't	V
sleep	V
,	,
he	O
hibernates	V
12	$
plus	A
hours	N
a	D
day	N
....	,
smh	G

allllllllllll	X
these	D
tweets	N
were	V
from	P
math	N
..	,
justsayin	G
'	,
(:	E

just	R
entered	V
the	D
<@MENTION>	@
12	$
weeks	N
of	P
christmas	^
.	,
this	D
week's	S
prizes	N
:	,
10	$
nintendo	^
wiis	^
-	G
<URL-zagg.to>	U

girls	N
this	D
nigga	N
right	R
here	R
#twitterafterdark	#
<URL-bit.ly>	U

look	V
,	,
i	O
need	V
less	A
friends	N
more	A
bread	N
,	,
less	A
talk	N
,	,
more	A
head	N
"	,

european	A
officials	N
criticize	V
u.s.	^
#airport	N
security	N
measures	N
-	,
<URL-newzfor.me>	U
[	,
like	V
it	O
?	,
<URL-bit.ly>	U
]	,

i	O
support	V
<@MENTION>	@
to	P
help	V
#fairtrade	A
workers	N
and	&
farmers	N
fight	V
poverty	N
in	P
their	D
communities	N
.	,
learn	V
more	R
:	,
<URL-t.co>	U

<@MENTION>	@
some	D
halloween	^
cookies	N
(:	E

<@MENTION>	@
for	P
fast	A
and	&
effective	A
weight	N
loss	N
,	,
try	V
this	O
.	,
<URL-bit.ly>	U

<@MENTION>	@
lmfaoooooo	!
now	R
i	O
get	V
it	O
!	,
lolol	!
i'm	L
dying	V
here	R
,	,
hahaha	!
love	V
you♥	O
;d	E

rt	~
<@MENTION>	@
:	~
anyone	N
forced	V
to	P
use	V
msft	^
exchange	^
should	V
get	V
hazard	N
pay	N
.	,

rt	~
<@MENTION>	@
:	~
first	A
time	N
seeing	V
ye's	Z
film	N
on	P
vh1«-what	G
do	V
you	O
think	V
about	P
it	O
?	,

i	O
go	V
to	P
class	N
and	&
come	V
back	R
and	&
the	D
game	N
looks	V
like	P
this	O
...	,
#womp	#
..	,
im	L
ready	A
for	P
the	D
lakers	^
yo	!

free	A
3pk	N
of	P
lindt	^
truffles	N
(	,
us	^
)	,
<URL-nblo.gs>	U

<@MENTION>	@
haha	!
!!	,
why	R
not	R
??!!	,

european	^
markets	N
mixed	V
as	P
traders	N
ponder	V
the	D
fed	^
:	,
investors	N
have	V
begun	V
to	P
speculate	V
about	P
the	D
federal	^
reserve’s	Z
e	G
...	~
<URL-nyti.ms>	U

appcraft	^
software	^
:	,
t-mobile	^
will	V
deliver	V
the	D
blackberry®	^
bold™	^
9780	$
on	P
november	^
17th	$
:	,
t-mobile	^
has	V
finall	R
...	~
<URL-bit.ly>	U

when	R
you	O
befriend	V
the	D
enemy	N
,	,
you	O
know	V
you	O
lost	V
my	D
respect	N
!	,
#thatshowitis	#

lmao	!
u	O
wild	A
rt	~
<@MENTION>	@
:	~
as	P
a	D
mixed	A
child	N
i	O
use	V
to	P
call	V
my	D
mom	N
a	D
nigga	N
just	R
cus	P
she	O
could	V
never	R
say	V
it	O
back	R
and	&
she	O
would	V
b	V
mad	A
too	R
lmao	!

rt	~
<@MENTION>	@
:	~
devo	^
postpone	V
tour	N
,	,
weezer	^
covers	V
...	,
toni	^
braxton	^
?	,
+	&
more	A
news	N
:	,
<URL-su.pr>	U

houllier	^
warns	V
young	A
stars	N
against	P
marriage	N
<URL-bit.ly>	U

a	D
touch	N
of	P
sophistication	N
in	P
the	D
garnish	N
:	,
18/8	$
stainless	A
steel	N
chocolate	N
shaver/truffle	G
slicer	N
:	,
<URL-tinyurl.com>	U
#gadget	#
#baking	#

secret	A
admirer	N
!	,
:d	E

just	R
saying	V
"	,
stop	V
it	O
5	$
"	,
to	P
<@MENTION>	@
off	P
#gp	#
#stopit5	#

<@MENTION>	@
hahaaha	!
!!	,
i	O
dont	V
care	V
if	P
she	O
realises	V
i	O
will	V
be	V
like	P
shut	V
up	T
teacher	N
and	&
go	V
do	V
your	D
work	N
!!	,
hehe	!
then	R
i	O
will	V
be	V
in	P
trouble	N
!!	,

q	N
:	,
in	P
your	D
opinion	N
,	,
what	O
constitutes	V
love	N
?	,
a	N
:	,
when	R
you	O
and	&
that	D
person	N
completely	R
trust	V
...:	~
<URL-lnk.ms>	U

<@MENTION>	@
that's	L
true	A
.	,
i'm	L
really	R
gonna	V
make	V
an	D
effort	N
next	A
week	N
lol	!

im	L
original	A
officially	R
the	D
most	R
original	A
if	P
i	O
wasn't	V
so	R
original	A
then	R
it'd	L
be	V
criminal	A

rt	~
<@MENTION>	@
:	~
my	D
2nd	A
book	N
straight	A
talk	N
no	R
chaser	N
,	,
has	V
limited	A
autographed	A
copies	N
from	P
me	O
,	,
be	V
the	D
first	A
2	P
get	V
it	O
,	,
go	V
to	P
<URL-tin>	U
...	~

<@MENTION>	@
<@MENTION>	@
well	!
that	O
sucks	V
!!!	,
now	R
idk	L
where	R
to	P
get	V
music	N
from	P
lol	!

lol	!
<@MENTION>	@
was	V
that	O
mean	A
?	,
it	O
warm't	V
sposed	A
to	P
be	V
.	,
but	&
text	V
the	D
ques	N
or	&
call	V
in	P
a	D
hour	N

this	D
wind	N
is	V
not	R
good	A
for	P
my	D
hair	N
#staticcling	#

leave	V
it	O
to	P
obama	^
to	P
approve	V
dadt	^
.	,
honestly	R
,	,
i	O
knew	V
that	P
he	O
wasn't	V
going	V
to	V
do	V
as	P
he	O
led	V
us	O
to	P
believe	V
.	,

pissed	V

rt	~
<@MENTION>	@
:	~
got	!
damn	!
janet	^
jackson	^
got	V
a	D
fat	A
ass	N
.	,
is	V
it	O
real	A
?	,
nevermind	!
i	O
don't	V
care	V
if	P
it	O
ain't	V

<@MENTION>	@
good	A
afternoon	N
smokin	V
aces	N

intel	^
backs	V
three	$
startups	N
from	P
the	D
middle	^
east	^
:	,
nymgo	^
,	,
jeeran	^
,	,
shoofeetv	^
:	,
intel’s	Z
investment	N
arm	N
,	,
intel	^
capital	^
,...	~
<URL-bit.ly>	U

ok	!
..	,
let's	L
shut	V
this	O
down	T
!	,
#celtics	^
.	,
enough	N
is	V
enough	A
.	,

hey	!
guys	N
..	,
great	A
job	N
decorating	V
the	D
balconies	N
!	,
keep	V
up	T
the	D
good	A
work	N
.	,
remember	V
you	O
have	V
a	D
few	A
days	N
left	V
until	P
we	O
...	~
<URL-fb.me>	U

<@MENTION>	@
lol	!

rt	~
<@MENTION>	@
:	~
[	,
sds]	G
!!	,
favorite	A
song	N
new	A
album	N
<@MENTION>	@
hehe	!
*	,

ha	!
this	D
fu	N
!!	,
shit	N
.	,
.	,

t______________________________________________t	E

<@MENTION>	@
goodnight	!
,	,
sweet	A
dreams	N
&	&
god	^
bless	V
!	,
have	V
a	D
safe	A
flight	N
in	P
the	D
morning	N
!	,
take	V
care	N
!	,

chicken	^
kitchen	^
how	R
is	V
your	D
food	N
so	R
good	A
and	&
all	D
your	D
employees	N
so	R
apathetic	A
and	&
rude	A
.	,
i	O
will	V
never	R
get	V
this	O
.	,

brick	R
strong	A
.	,
rip	G
evan	^
.	,
<3	E

rt	~
<@MENTION>	@
:	~
#howcome	L
the	D
prettiest	A
people	N
do	V
the	D
ugliest	A
things	N
?	,

always	R
#prayforindonesia	G

<@MENTION>	@
tj	^
thanks	N
now	R
i	O
have	V
that	D
song	N
in	P
my	D
head	N
and	&
visions	N
of	P
my	D
80s	$
younger	A
self	N
dancing	V
to	P
that	O

fake	A
weak	A
music	N
makers	N
irritate	V
my	D
ear	N

yup	!
about	P
35	$
deep	A
rt	~
<@MENTION>	@
so	R
i	O
heard	V
#op	^
will	V
be	V
deep	A
on	P
the	D
yard	N
!	,
that's	L
what	O
i	O
like	V
to	P
here	V
!	,
make	V
sure	A
(	,
cont	~
)	,
<URL-tl.gd>	U

<@MENTION>	@
<@MENTION>	@
keep	V
using	V
ur	D
illogical	A
car	N
in	P
ditch	N
.	,
it	O
shows	V
how	R
scared	A
u	O
r	V
to	P
talk	V
abt	P
ur	D
marxist	A
policies	N

rt	~
<@MENTION>	@
:	~
once	R
upon	P
a	D
time	N
,	,
not	R
your	D
time	N
,	,
not	R
yet	R
my	D
time	N
,	,
but	&
one	$
time	N
.	,
–uncle	^
remus	^
(	,
song	N
of	P
the	D
south	^
)	,
#disneywords	#

oh	!
drama	N
...	,
and	&
corn	N
...	,

<@MENTION>	@
tek	^
is	V
back	A
,	,
it	O
needs	V
to	P
be	V
unbanned	A

<@MENTION>	@
are	V
u	O
on	P
skype	^
now	R

bet	V
on	P
sports	N
with	P
this	D
sure-money	A
system	N
.	,
win	V
over	P
90%	$
of	P
your	D
bets	N
!	,
<URL-cli.gs>	U

<@MENTION>	@
girl	N
i'm	L
scared	A
of	P
you	O
!	,
#gohead	#

<@MENTION>	@
whats	L
good	A
bro	N

i	O
got	V
a	D
hole	N
in	P
my	D
head	N
...	,

bad	A
day	N

<@MENTION>	@
just	R
made	V
my	D
life	N
haha	!
<3	E

hopin	V
my	D
wristbands	N
,	,
biz	N
cards	N
,	,
and	&
stickers	N
come	V
in	P
#tomorrow	N
#buzzntheburgh	#

rt	~
<@MENTION>	@
:	~
<@MENTION>	@
see	V
you	O
there	R
!	,
getting	V
ready	A
too	R
!	,

lakers	^
about	P
to	P
play	V
very	R
soon	R
!!	,
letsgo	L
!!	,

lmmffo	!
#youreaninnovator	G
rt	~
<@MENTION>	@
<@MENTION>	@
how	R
to	P
keep	V
a	D
dummy	N
busy	A
...	,
#rtthis	G

etc	G
etc	G

<@MENTION>	@
pauly	^
d	^
?	,
vinny	^
?	,
the	D
situation	N
?	,

<@MENTION>	@
was	V
that	O
the	D
wrong	A
context	N
?	,
tryin	V
to	P
say	V
it	O
wit	P
lingo	N
u	O
would	V
understand	V
.	,
you	O
know	V
how	R
y'all	O
jamaicans	^
are	V
when	R
u	O
don't	V
understand	V

everybody	O
dick	N
ain't	V
meant	V
to	T
be	V
suck	V
,	,
u	O
have	V
issues	N
with	P
that	O
use	V
condom	N
rt	~
<@MENTION>	@
:	~
<@MENTION>	@
it	O
dont	V
save	V
u	O
from	P
shit	N
if	P
u	O
s	G

<@MENTION>	@
female	A
smokers	N
are	V
yucky	A
!	,

<@MENTION>	@
tomorrow	N
is	V
a	D
rerun	N
.	,
it's	L
before	P
their	D
time	N
.	,
i	O
don't	V
know	V
about	P
nate	^
or	&
ford	^
.	,
i	O
forgot	V
what	O
year	N
it's	L
from	P
.	,
i	O
am	V
thinking	V
...	,

i	O
hate	V
the	D
heat	^
.	,
(:	E

wisely	R
unsent	A
gmail	^
draft	N
from	P
just	R
now	R
had	V
subject	N
line	N
:	,
"	,
[	,
person's	S
name	N
]	,
crush	N
affirmation	N
"	,
and	&
body	N
:	,
link	N
to	P
a	D
tweet	N
#smittenontwitter	#

who	O
got	V
a	D
scantron	^
and	&
ur	L
around	P
pab	^
???	,

